:020000040800F2
:1040000000400020094100080D4100080F41000850
:1040100000000000000000000000000000000000A0
:10402000000000000000000000000000294100081E
:1040300000000000000000002B41000801C2000841
:104040000541000800000000ADD00008054100084F
:1040500005410008054100080541000881460008A7
:104060000000000005410008054100080541000866
:104070000541000805410008054100080000000056
:1040800005410008054100080541000805410008F8
:1040900005410008054100080541000805410008E8
:1040A00005410008054100080541000805410008D8
:1040B0007DD10008B1D100080000000005410008D2
:1040C00008B50BF0EAFB0022094B0A49D3188B42D2
:1040D00004D20949895804321960F5E7074B084AA8
:1040E000934202D2002204C3F9E707F0A7FCFEE7DF
:1040F0001401002044020020B05A010848020020A8
:1041000088140020FEE7000009480047FEE704206D
:104110007146084202D0EFF3098001E0EFF3088016
:104120007146044A1047FEE7FEE7FEE770470000CD
:08413000C1400008274100080E
:10413800B05A01081401002044020020480200205F
:0441480088140020B7
:10414C00044B1A69120603D5034A5A60034A5A6093
:10415C007047C0460020024023016745AB89EFCD74
:10416C00184AFF23F0B5101C002617491478174D78
:10417C000B702A78FF2A10D06F78002F0DD1FF2BEF
:10418C0009D0944202D9A71A022F04DC944204D21B
:10419C00171B012F01DC141C331C80221201AD18DB
:1041AC00012E01D00126E4E70B700470FF2B01D126
:1041BC0000230B700B78054ADB029B18044A136032
:1041CC00F0BDC046750600207406002000F0010802
:1041DC0070060020F0B5394B87B003901868019138
:1041EC004018039904920BF056FB002863D0344B13
:1041FC001B780133DCB2A31E5A1E93415B421C4058
:10420C00304BEF221B78E6020133DFB20023BA42B7
:10421C005B415B421F40FFF793FF2B4BF31802935C
:10422C002A4B029DF3180593059B9D420ED2281C28
:10423C000CF014FC26480CF0A1FB0221254A136952
:10424C008B43136180231B01ED18EDE7F32500224E
:10425C00214BED00F618002D01D13A4310E0012D51
:10426C000ED0019B9D4207DB04995B189D4203DA3B
:10427C00039B01995B1A01E0104B1B685B5D1A43B1
:10428C0003232B4008D1511C03D00220311C0CF00D
:10429C009DFB043E002200E01202013DDBD2802196
:1042AC000C4A13690B431361054B029A1C70054BA6
:1042BC001F70024B1A6007B0F0BDC046700600209C
:1042CC00740600207506002000F0010800F80108B3
:1042DC0050C300000020024098F701083A4BF0B59B
:1042EC001A68002385B08B4205DA1418E45CFF2CA5
:1042FC0003D10133F7E78B4264D0344B03911D7823
:10430C0001900135EDB2AB1E5A1E93415B421D402C
:10431C002F4BEF221C7800230134E4B2A2425B4104
:10432C005B421C40FFF70CFF2A4BEE02F318009384
:10433C00294B009FF3180293029B9F420ED2381C0C
:10434C000CF08CFB25480CF019FB0221244A136954
:10435C008B43136180231B01FF18EDE7F327002229
:10436C00204BFF00F618002F01D122430FE0012F44
:10437C000DD0019B9F4206DB039B01995B189F426A
:10438C0001DAFF2302E0104B1B68DB5D1A430323A9
:10439C003B4008D1511C03D00220311C0CF016FB01
:1043AC00043E002200E01202013FDCD280210C4AC4
:1043BC0013690B431361054B009A1D70044B1C7061
:1043CC00014B1A6005B0F0BD700600207406002089
:1043DC007506002000F0010800F8010850C3000029
:1043EC000020024098F7010808B501F0DBFF00231C
:1043FC00034A1370034A1370034A044B1A6008BD36
:10440C00740600207506002000F0010870060020DC
:10441C00704770470022014B1A70704776060020D7
:10442C0010B5041E1CD00F490A7853B2002B14DBB4
:10443C00531CDBB20B700C4988540D2806D15AB2B0
:10444C00002A01DB0022CA5407F0ECFA074BDA69A8
:10445C001206FBD5A4B21C8502E00D28F6D1F3E7B9
:10446C0010BDC046760600207706002000480040AC
:10447C0008B503200249034A08F0B4FE08BDC04643
:10448C002D4400082144000810B5074C2378002B5C
:10449C0009D0064906480BF094F82178054802F03B
:1044AC00B5FB0023237010BD760600207806002093
:1044BC002040010877060020034B0822002801D079
:1044CC009A6100E09A62704700040048F7B5052431
:1044DC00404A414E557813786A4255415C433F4AF5
:1044EC00EDB21268141932789A420DD00F22A178CD
:1044FC000A40042A01D0002D6BD00021384A02203A
:10450C001170337007F05CFE0F23A2781340042B5C
:10451C005FD8181C0DF0BAF9030316165400002DC1
:10452C000CD062782F4B1A7007F070FA0F23A27818
:10453C001340012B4DD10220C82124E0022007F0AA
:10454C003FFE3AE0264F002D0ED00022BA56002A2C
:10455C003FD1022B01D0244901E0FA21890002202D
:10456C00224A07F017FE34E00023FB560193012B7F
:10457C001AD0022B0FD0002B2BD123790220002B29
:10458C0003D0962138708900EAE707F019FE6278AB
:10459C00144B1A700EE02279124B1A7007F036FA8F
:1045AC00019807F00DFE07E08022E3785242134396
:1045BC000C4A137007F02AFA3D70FF23337008E0A1
:1045CC00002D01D0637800E0E378064A137007F001
:1045DC001DFAF7BDF7060020140100205002002040
:1045EC00550200204C02002088130000FD450008F5
:1045FC0038B51B4C2278FF2A31D005235343194A76
:10460C001268D3180F2299780A40012A04D0002A84
:10461C0025D0032A0BD922E05A78134B1A7007F0D5
:10462C00F5F902203221114A07F0B4FD17E00022FF
:10463C000F4DAA56002A0BD0022A10D15A780A4BD9
:10464C001A7007F0E3F900232B70FF33237006E098
:10465C00DA78054B1A7007F0D9F901232B7038BDA5
:10466C0014010020500200204C020020FD450008DF
:10467C005502002070B504240123A340194A516946
:10468C0019422BD05361184A231FD05CFF2825D028
:10469C00164B1D78164B1E680023DAB2AA421DD2A7
:1046AC000521013359430539715C8142F5D1FF2A4B
:1046BC0014D0902301095B03C91889020E690121EA
:1046CC000C4D0B1C2A700F220240934033405A1E93
:1046DC0093410220084A6B7007F05CFD01340F2CEB
:1046EC00CAD170BD000401402E40010854020020C4
:1046FC0050020020F7060020D9440008034B186034
:10470C00034B1960034B1A707047C04648020020D7
:10471C00500200205402002010B5054C20780028CF
:10472C0004D0044B1B6898470023237010BDC0466F
:10473C004C02002048020020F0B5437A85B0002BD3
:10474C003BD0019003A808F047F900221C4C1D4BEC
:10475C001D4D187826682F680094D3B283420ED270
:10476C00012191400E4208D091007958097A8C466B
:10477C00032164462140032902D00132EDE7FEE714
:10478C00019A527A013A9A4217DCDEB272B2002ACE
:10479C0011DB0123934000990968194209D02B6859
:1047AC009200D358002B04D05B68002B01D00398E7
:1047BC009847731EE9E708F015F905B0F0BDC0463F
:1047CC00580200205C02002060020020F7B5002295
:1047DC00051C154B154E164C186032602270019357
:1047EC002F68002F12D03B68002B08D0984701236C
:1047FC00184204D0227893403268134333602378F4
:10480C0004350133DBB223707B72E9E723780B2B81
:10481C0000DDFEE7074A9B18019A9B001268985826
:10482C00FFF78AFFF7BDC046600200205802002047
:10483C005C020020FFFFFF3F407A002808D00123D4
:10484C000138C0B28340181C024B1B681840C0B220
:10485C007047C04658020020437A10B5002B0FD089
:10486C000122013BDBB29A40064C131C2268002942
:10487C0001D0134301E09A43131C2360FFF75CFF44
:10488C0010BDC0465802002010B50C4A441C1378C9
:10489C005B009C4202DA4008107004E0012802D947
:1048AC00441E9C42F7DC1378081C002B04D0591EC4
:1048BC004B4259414942C8B210BDC0466502002066
:1048CC0070B5104B1A78104BD20709D51C781023F1
:1048DC000F221B1B0D4D121B5E005200745B0AE075
:1048EC001A78531E002B01D17D2206E0074D5C0087
:1048FC00023A645B5200525BA21A1B010A800370DD
:10490C0070BDC046FC060020040700206240010870
:10491C0037B560221A4D2B78134203D0012007F0D3
:10492C00F9FF1EE0DA0609D56B465C1D201C991DAB
:10493C00FFF7C6FF207807F0F5FF1FE01A07EDD44C
:10494C0004241C4010D0012007F0E4FF0D4B1A6822
:10495C000D4BD05CFF2804D0430040081818C0B29F
:10496C00E9E70A4B1878E6E7084B187807F0DAFF06
:10497C002B789B0702D5201C07F0CCFF37BDC04617
:10498C006702002070060020CE06000066020020A0
:10499C00022010B5064C2378184007D1032B01D800
:1049AC0007F0B8FF022223781343237010BDC046D2
:1049BC0067020020F7B5194C194D2378002B16D13E
:1049CC00184A1378013BDBB213701022002B0DD167
:1049DC002B7893432B70FFF79BFF134B1A681C1C0F
:1049EC00002A00D090470023236015E022706B460C
:1049FC005F1D9E1D381C311CFFF762FF2B781F2B8F
:104A0C0002D8387807F08EFF31880420074A07F067
:104A1C00C1FB2378013B2370F7BDC046040700207F
:104A2C0067020020FC06002000070020C149000896
:104A3C000123834070B5094ADDB2181C13781C1C85
:104A4C002C40661EB4418C4207D0002901D02B4368
:104A5C0000E083431370FFF75BFF70BD670200201B
:104A6C0010B5114B1B78012B09D0104B1B689B7890
:104A7C00DB0704D403200E490E4A07F08BFB0220FF
:104A8C000D4C237818400DD0032B02D8FF2007F0D3
:104A9C0041FF022320789843013B20709843434206
:104AAC005841C0B210BDC0466502002070060020FF
:104ABC00881300009D4900086702002013B541428D
:104ACC0041416B460122041CD81D084B1B689B7886
:104ADC0093430B4302210370FFF77CFB002C02D1A4
:104AEC00032007F06DFBFFF7BBFF13BD7006002022
:104AFC00054B1B68D878FF2803D0002802D1FF2073
:104B0C0000E064207047C0467006002013B56B4669
:104B1C00DC1D0D4B011C20701878FFF7B5FE0B4BFC
:104B2C00187007F0FFFE2378002B01D1013323709E
:104B3C002378FF2B01D100232370201C0321012299
:104B4C00FFF748FB002016BD64020020660200201F
:104B5C0070B5051CFFF7CCFF011C281CFFF794FE59
:104B6C000E4B041C19781E1C814214D00C48221CBC
:104B7C000AF027FD0B4B1B78002B02D0032007F00B
:104B8C001FFBFFF76DFF084B1B78012B02D8201C75
:104B9C0007F0C8FE3470054B1D7070BD6602002016
:104BAC003A400108650200206702002064020020E0
:104BBC00002008B5044B1870044B1870FFF7C8FFA1
:104BCC0007F0FAFC08BDC046650200206602002012
:104BDC0038B51024084A051C1378FF2023431370A2
:104BEC0007F098FE0622054B1A70054B1C70054BFE
:104BFC001D60FFF7DFFE38BD67020020FC060020B9
:104C0C00040700200007002008B50348FFF7DEFD6D
:104C1C0001F022F908BDC0468440010830B5124BA2
:104C2C0085B01C78002C1CD07F2500222540182D27
:104C3C0002D00732521BD2B2031C52B2002168467A
:104C4C0007F074FC68460949002207F049FB182D4F
:104C5C0001D1E40905D068460A210122044B07F072
:104C6C00DEFB05B030BDC04605070020F654010838
:104C7C00AC40010838B5184A1378141C002B04D129
:104C8C00137028E0062A0ED118237F211A1C0A4023
:104C9C00182AF7D18B4359424B41DB011343237044
:104CAC00FA2464000CE023700E2A06D10B48002174
:104CBC00FFF7D2FD002323700DE0013323708E2407
:104CCC00064D281CFFF738FD687A211C0C3040B2C9
:104CDC00034A07F05FFA38BD0507002018010020D1
:104CEC00814C000838B50A4C201CFFF7A5FD0028A4
:104CFC000DD10125074B8E211D70607A064A0C30B0
:104D0C0040B207F047FA201C291CFFF7A5FD38BD5F
:104D1C001801002005070020814C0008072208B567
:104D2C00024B1A70FFF7A6FF08BDC046050700200E
:104D3C000823182230B5051C0E208BB001AC637211
:104D4C00084B68441978084B5143591822720AF0E1
:104D5C00B1FD0021281C0A1C231C07F0C5FA0BB05E
:104D6C0030BDC04606070020B240010808B5064B0E
:104D7C00021C1878172800D9172119700348111C28
:104D8C00FFF76AFD08BDC04606070020240100207D
:104D9C00F0B5204987B00022061C07F0A1FA1E4B83
:104DAC0004AD1F881D4B9F4205D1281C1C490AF0DD
:104DBC00A0FD052020E03C21381C0CF07BFD3C21A3
:104DCC00C4B2381C0CF0ECFE164B1B685A79164B0F
:104DDC00D20708D4154B0B2C02D90C3C144BE4B263
:104DEC00002C00D10C3400910193281C0721114A8E
:104DFC00231C0AF0E9FCC0B2082300930C33019386
:104E0C0003900295301C00210222043307F030FB82
:104E1C0007B0F0BDF654010808070020FFFF0000A2
:104E2C000E43010870060020174501080C430108C9
:104E3C00CD4E0108144301087FB54D79041C0E1C9E
:104E4C00012D0BD12549002207F04AFA201C08211C
:104E5C002A1C234B07F0E3FA00203DE0214BB279EA
:104E6C001988214B99421AD1002A2DD0062A0FD825
:104E7C001A49002207F034FAB379201C013B1B4C71
:104E8C009B00082101221B5907F0C9FA462023E098
:104E9C00072A15D11149002207F022FA14E0002A42
:104EAC0015D0082A0AD8083A52B268460021231CA9
:104EBC0007F03CFB6846FFF76BFF03E0092A09D0BB
:104ECC00013575712C2007E09620400004E0FA2093
:104EDC00800001E0FA20C00004B070BDF654010857
:104EEC00B543010808070020FFFF0000F442010849
:104EFC0010B50B4C201CFFF79FFC00280FD0094B62
:104F0C001B789B0707D508480AF070FB074B01205C
:104F1C00198803F011FE201C0021FFF79DFC10BD29
:104F2C00300100200A0700201E430108080700205A
:104F3C0070B51E4C051C201CFFF77EFC002834D0DD
:104F4C001B4B01261A78101C30402ED0082D0DD08A
:104F5C00542D27D00020072D27D11648164D018837
:104F6C00A94201D1002106E0013104E01148018879
:104F7C00002915D1104901800221201C0A431A7006
:104F8C00FFF7DAFB607A0D490C3040B20C4A07F09F
:104F9C0001F9084B0020198803F0CEFD012004E034
:104FAC000139E8E7FFF7A4FF301C70BD3001002089
:104FBC000A070020080700209F050000B80B00001E
:104FCC00FD4E0008F0B50B260023051C0A21092014
:104FDC0089B01C4C6E4403AF23701A1C00970196C9
:104FEC006844694403F014FF3378FF2B06D1002D7D
:104FFC0026D10122144B52421A801AE004AE381CFE
:10500C00311C06F055FF3C22B37853437278D31809
:10501C000D4A1380002D0CD0012223780B49134329
:10502C0023700B4B0B4A587A0C3040B207F0B2F895
:10503C0002E00848FFF7CCFD05480121FFF70CFC06
:10504C0009B0F0BD0A07002008070020B80B0000CB
:10505C0030010020FD4E000830B587B0041C6846B6
:10506C0007F0C8FF00281FD1201C03F037FD7E225B
:10507C0003780E4C9343012B0ED1694603F076FA5C
:10508C0002AD0190291C01A806F012FF3C22AB785E
:10509C0053436A78D31801E001235B420448022190
:1050AC00044A238000F0C4FA07B030BD0807002082
:1050BC00B80B0000454E000830B5051C0E20182218
:1050CC0008238BB001AC68440649227263720AF063
:1050DC00F1FB0021281C0A1C231C07F005F90BB05E
:1050EC0030BDC0466343010810B5094C201CFFF7C6
:1050FC00A3FB41424141201CC9B2FFF7ADFBFA2191
:10510C00607A49000C3040B2024A07F043F810BDF7
:10511C003C010020F5500008031C591E8B4170B552
:10512C00104ADBB2167813709E4218D0041E0E4D36
:10513C000CD10E4805F03AFD687A0C3040B207F0FD
:10514C003FF8281C211CFFF787FB08E0FA21687A3E
:10515C0049000C3040B2064A07F01CF8F1E7301C4D
:10516C0070BDC046100700203C0100205B430108C5
:10517C00F550000801207047FF230122F0B58DB0D7
:10518C0008AFBB724C4B3A727A72051C58784B497B
:10519C001B78400702D55A4253410AE0052B07D829
:1051AC00101C9840031C2720034201D00A7001E018
:1051BC0000230B700D2602ABF61806AB00930F23E1
:1051CC0002AA9B1801930E239B180022191C301C59
:1051DC00131C03F01DFE3378394C002B1ED002AA91
:1051EC00927BFF2A06D0062B02D1364B1B7816E099
:1051FC00012314E002ABDB7BFF2B0FD007A807F0D9
:10520C00F9FE3378012B09D1079A069B2E499B1A7C
:10521C000022D80F99425041031C00E00023237058
:10522C002A4B1E78002E31D0731EDBB20393002361
:10523C0002936B461B7A07AC237000270123281CB2
:10524C00A370211C06333A1CE370677007F048F812
:10525C00039B072B05D809239B1B63706B461B7B99
:10526C0005E0039B67700F2B03D811239B1BE37086
:10527C0000E0E770281C211CFF2207F031F8029B8C
:10528C001733DBB202932E2BD3D108E02378002BFB
:10529C0005D0281C172107223B1C07F025F8074BCB
:1052AC001B78002B05D0281C1721002208AB07F017
:1052BC001BF80DB0F0BDC046620600206A0200204B
:1052CC006B020020680200207F510100690200205F
:1052DC0010B50A4C201CFFF72FFA094A1378102B33
:1052EC0001D10F3B00E001331370607A3E210C308A
:1052FC0040B2044A06F04EFF10BDC04648010020E3
:10530C0069020020DD52000810B5094A094C1378D7
:10531C00201C59424B411370FFF70EFAFA21607AA8
:10532C0049000C3040B2044A06F034FF10BDC046B0
:10533C0068020020480100201553000810B50F4BDF
:10534C0004280FD3052806D906280BD100221A7081
:10535C00FFF7DAFF11E01A78002A0ED11A70FFF766
:10536C00B7FF0AE00022064C1A70201CFFF7E4F984
:10537C00607A0C3040B206F023FF10BD69020020A9
:10538C00480100208022034B01201A707F32DA7012
:10539C007047C04611070020F0B5002287B03C4989
:1053AC00061C06F09DFF3B4804AD0278802A58D0BD
:1053BC000121394B1B685B799943131C002906D0DA
:1053CC000B2A01D90C3BDBB2002B00D10C3303248C
:1053DC000457324F407801343BD01C1C32280DD975
:1053EC00172A51D0541CE4B2002907D00C2C02D936
:1053FC000B3AD4B202E0002C00D10C3400900721FF
:10540C003A1C281C0AF0E0F90322224BC0B29A562F
:10541C0008230093043B019303900021301C1433A8
:10542C00029507F025F80023072100933A1C231C52
:10543C00281C0AF0C9F9174BC0B2DA780823073ACE
:10544C000093043B039052B201930295301C00214F
:10545C0015E000900721281C3A1C0AF0B5F9C0B2DF
:10546C0004E0281C0E490AF044FA05200021082308
:10547C0003900A1C301C0093043B019302951433D7
:10548C0006F0F6FF07B0F0BD0024A142B5D1B5E798
:10549C00F654010811070020700600207B43010818
:1054AC008343010838B50B4C0B4DE378281C0133B2
:1054BC00E370FFF741F90323E356062B02DDFF23CC
:1054CC00E37006E0687A8E210C3040B2034A06F095
:1054DC0061FE38BD1107002054010020B1540008B2
:1054EC0038B5134B81781A788A4204D15D784478A8
:1054FC000022A54203D0197042785A70012201781B
:10550C00587899703B280CD13B290AD10022DA70CB
:10551C00084B5331587A084A0C3040B206F03AFE28
:10552C0001E0002A02D00348FFF706F938BDC04657
:10553C001107002054010020B154000808B5044B99
:10554C005B789B0702D4081CFFF7CAFF08BDC04656
:10555C0062060020FF22024B00201A717047C046E1
:10556C002007002008B5084B5A79002A0BD0082ACE
:10557C0001D8083A01E008239A1AD2B252B200219B
:10558C00024B06F0B1FE08BD200700206C01002084
:10559C0070B5224A224C5379161C062B21D9072BA5
:1055AC0002D10133537135E0082B18D11D4B1B6808
:1055BC00002B04D01C48111C9847051C09E093795A
:1055CC00002B03D11568913DFF3D02E009232C25EA
:1055DC005371B3790133B371002D1BD00DE00F2B38
:1055EC0003D8013353712C2507E00021FF23201C25
:1055FC0051711371FFF730F90EE0201CFFF79CF886
:10560C006B1C09D0607A291C0C3040B2074A06F09A
:10561C00C1FD01E00025F5E770BDC0462007002064
:10562C0060010020180700206C0100209D55000827
:10563C000D4B10B5197101215971002199710B494C
:10564C0018600A60002A02D00948191C9047094CBE
:10565C000121201CFFF700F9607A2C210C3040B29C
:10566C00054A06F097FD10BD200700201807002002
:10567C006C010020600100209D55000870B52D4B79
:10568C00051C1B780E1C002B52D02B4B2B4C18716D
:10569C002B49201C002206F023FE072D48D8281C7D
:1056AC000CF0F4F82A35461F46041409201C092175
:1056BC000022244B35E0201C05210222224B06F04F
:1056CC00AEFE201C0E210322204B2AE0201C0521BB
:1056DC0002221D4B06F0A3FE201C0E2103221C4BA4
:1056EC001FE0201C052101221A4B06F098FE201CFD
:1056FC000E210322184B14E0201C05210122154B0E
:10570C0006F08DFE201C0E210222144B09E0201CF9
:10571C00052101220F4B06F082FE201C0E210222D5
:10572C000F4B06F07CFE301C291C0022FFF780FF7B
:10573C0070BDC04662060020200700206C010020CE
:10574C00F6540108C243010889430108BD4301080E
:10575C0090430108B543010895430108984301089B
:10576C00CC430108F0B53E4B8FB01F78051C0822C6
:10577C00002F0FD15B78FF2B0CD1FB3B0193394BE6
:10578C00009202930323391C03933A1C153306F041
:10579C006FFE62E01E23062405AE6B443272181CA9
:1057AC003149221C74720AF085F8002F3BD12C4B26
:1057BC005C78013CE4B2002C02D1281C082148E0A2
:1057CC0064B2012C06D1281C04210222331C06F0E1
:1057DC008BFD3CE0022C0ED1281C391C221C331CE6
:1057EC0006F082FD281C0821221C331C06F07CFDCF
:1057FC00281C102115E0631C02211C4A04A809F086
:10580C00E3FF082302240093043B019304AB0293AF
:10581C00281C391C03943A1C102306F029FE281C62
:10582C000E21221C16E008230021114A0093043B90
:10583C000193029203930A1C281C143306F018FEE1
:10584C001E236B44181C0B49221C0AF033F8281C2D
:10585C000C210222331C06F047FD0FB0F0BDC046F0
:10586C001D070020A34301089D430108A74301081D
:10587C00AB430108E643010838B50024094B0A4D37
:10588C0018705970281C221C08499C7006F028FDC1
:10589C00281CFFF767FF06480821221CFFF7C8FEEB
:1058AC0038BDC0461D0700206C010020F6540108CD
:1058BC00B80B000010B5041C04F05CFE002804D1E9
:1058CC00201C06210222044B03E0201C062102228C
:1058DC00024B06F0A4FD10BDDC430108D2430108C5
:1058EC0013B503F08FFA032817D80C4B1B79082B30
:1058FC0013D901A804F044F800280ED0084C09492B
:10590C000022201C06F0ECFC201CFFF7D3FFFA2031
:10591C000921C0000022FFF78BFE13BD20070020D9
:10592C006C010020F654010870B5194C86B0227831
:10593C00051C0426092A06D9023E632A03D9643AB7
:10594C0053425341DEB2281C124B71B2022206F0B4
:10595C0066FD237804AC201CFF2B04D10E4909F002
:10596C00C8FF042004E007210C4A09F02DFFC0B247
:10597C000822311C0F230092073A0192039009313F
:10598C009B1B0294281C002206F072FD06B070BD11
:10599C001C07002089430108B04301088045010819
:1059AC0038B5174C2379032B29D9FF23002800D1B4
:1059BC000B1C144A06200021137006F009FC002869
:1059CC001DD02379042B06D16379072B03D9072328
:1059DC0063710023A3710C4D0C49281C002206F0A6
:1059EC007FFC281CFFF7A0FF2379042B02D1FFF7C3
:1059FC00CFFD04E0064804210022FFF719FE38BD54
:105A0C00200700201C0700206C010020F654010820
:105A1C00B80B0000002108B50A1C024B06F064FC10
:105A2C0008BDC0469C01002008B50448044900226A
:105A3C0006F056FC0348FEF77FFE08BD9C010020D3
:105A4C00F6540108900100201FB5082106AA12780F
:105A5C0000910439019100210293039218230A1C2E
:105A6C00034806F005FD0348FEF766FE05B000BDD1
:105A7C009C0100209001002038B5051C0C1C131C47
:105A8C00291C221C034806F02FFC0348FEF754FE89
:105A9C0038BDC0469C0100209001002008B5044888
:105AAC000121FEF7D9FE05200121FEF7C1FF08BD3B
:105ABC009001002008B504480021FEF7CDFE05201A
:105ACC000021FEF7B5FF08BD9001002070B5344BE6
:105ADC0088B01A78041C334D002A1CD00023182AD5
:105AEC0002D007339B1ADBB25AB20021231C04A844
:105AFC0006F01CFD04A8291C002206F0F1FB08236B
:105B0C000093043B0193284B00210293052304A826
:105B1C0003930A1C3EE0291C06F0E2FB234B1D7884
:105B2C00002D28D0062D38D1214B1A78FE2A01D110
:105B3C009A3A1A701B78FF2B06D1F73B1D4A00933B
:105B4C00043B0193029210E004AD281CFE2B03D100
:105B5C00194909F0CEFE03E00721184A09F034FE7A
:105B6C0008230093043B0193029500210393201C0E
:105B7C000A1C14330FE004AE1149301C09F0B9FEB5
:105B8C000823201C291C2A1C0093043B019301337D
:105B9C0002960393133306F06BFC08B070BDC0463D
:105BAC006D020020F6540108EC4301086206002047
:105BBC006C020020F2430108F7430108FC43010882
:105BCC000144010808B5024805F0BEF8012008BDE3
:105BDC00415C000838B5144A1378111C002B01D114
:105BEC00137020E0114D182B04D1182301240B70D5
:105BFC0064420CE0062BF8D00E2B05D10021281C9A
:105C0C001170FEF729FE0EE08E2401331370281C50
:105C1C00FEF792FD631C06D0687A211C0C3040B252
:105C2C00034A06F0B7FA38BD6D020020C00100200F
:105C3C00E15B000838B5144D062805D80BF026FE9C
:105C4C001D04040406181D00002417E00F4B01244A
:105C5C001A78182A12D01C70687A8E210C3040B237
:105C6C000B4A06F097FA281C211CFEF7F5FD05E0FF
:105C7C000722064B1A70FFF7ADFF0124281CE1B276
:105C8C00FEF7EAFD38BDC046C00100206D020020C1
:105C9C00E15B000808B5034B18700348FEF74CFD98
:105CAC0008BDC0466C020020C001002010B5041CC9
:105CBC006548211C09F085FC422C02D0442C0ED0E6
:105CCC0014E0624B5A78120710D41B78043B012B5A
:105CDC0002D804F003F809E005F056F806E05B4B37
:105CEC001B78002B00D1ADE005F086FAFEF7B8FE6C
:105CFC00002800D0A6E0201CFFF71AF9011E00D0E6
:105D0C00A0E0472C4CD01ED8222C00D17CE010D81F
:105D1C00072C00D296E0082C26D9092C00D091E053
:105D2C004B4B01201978FFF73BFE012006F09CFE3F
:105D3C0088E0402C3DD0412C35D0232C00D081E084
:105D4C0004F04EFD7EE0542C36D005D8522C77D082
:105D5C006FD8502C62D075E0562C46D03AD3572CC5
:105D6C0070D104F07DFF6DE0384B1B78002B69D0AF
:105D7C0003F04AFA002865D0354B1878072C04D16B
:105D8C00632806D80130C0B206E0002804D00138E0
:105D9C00C0B2642800D96420012104F077F851E0E6
:105DAC0005F010FA4EE0012006F05EFE05F072FAE6
:105DBC0048E005F011FF45E003F0FEFD302841D02E
:105DCC0002F09AFE002802D002F0E4FE3AE004F061
:105DDC0029FD37E01D4B5B785B0702D505F0F4F825
:105DEC0030E00120FFF7EEF82CE0184B5B785B07F6
:105DFC0003D50120FFF790F924E002F037FF154896
:105E0C000121FEF729FD1DE0104B5B785B0702D5E5
:105E1C00FEF7DEFE16E004F0A7FC13E0FFF77CF9BA
:105E2C0000280FD103F0EEF800280BD104F03AFD56
:105E3C0008E003F031F95824002800D138E701E0DC
:105E4C0003F0D0FD10BDC0464D4401086206002091
:105E5C00CD0100204801002008B5054B05491B7BEE
:105E6C00DB0700D5044905480722FEF747FC08BDAF
:105E7C00003E0008074401082A440108B95C0008E8
:105E8C000023074A1380074A1380074A1370074AF6
:105E9C001380074A1370074A1370074A1380704720
:105EAC007602002070020020750200206E02002095
:105EBC0078020020740200207202002070B519498B
:105ECC000B78DBB2002B04D00321174809F0C0FB80
:105EDC0027E0164E164C3278164D002A04D0228834
:105EEC0092B22A800B703370134B144E1A88B05434
:105EFC001888134A904201D1002202E01A8801321C
:105F0C0092B21A8018882A88904201D101220A7014
:105F1C001A8823889A4202D101220A4B1A7005F082
:105F2C007BFD70BD750200205F44010874020020E7
:105F3C006E0200207002002076020020540800201F
:105F4C00E703000078020020F0B585B0071C02A81A
:105F5C000E1C07F08DF8FA21039B8900181C019385
:105F6C000BF0A8FC0299021C0390234809F029FBB2
:105F7C000421224809F06CFB214D042228786B780F
:105F8C0000021843102109F049FB1E4C0121201C72
:105F9C0009F05EFB0222A878102109F03FFB201CBF
:105FAC00012109F055FB0522381C0A2109F036FBAA
:105FBC00201C012109F04CFB02226879102109F008
:105FCC002DFB201C012109F043FBA879EB79000281
:105FDC0018430422102109F021FB201C012109F097
:105FEC0037FB0522301C0A2109F018FB201C01216B
:105FFC0009F02EFB05B0F0BD6344010870440108A4
:10600C0079020020AE43010808B5FFF739FF0220E2
:10601C000249034A07F0E6F808BDC046C95E00080D
:10602C008D5E0008F7B56449644B0A78002A00D1EC
:10603C00B1E01A886248825C624801921A888242F6
:10604C0001D1002202E01A88013292B21A80002398
:10605C0001220B705C4B5D4D1A702B88002B02D00B
:10606C002B88934203D1019BAA2B00D090E02B8864
:10607C00834204D869462B88554A0979D1542B8818
:10608C0001339BB22B802B88042BCCD9504FFE783C
:10609C003B7936021E43732E55D02B88092BC2D95F
:1060AC003C7A7B7A24021C432A2E0DD0702E01D010
:1060BC00D02E05D1FA231B019C4200D972E031E0AD
:1060CC00402C00D96EE02DE0231C2A880A339A421A
:1060DC000FD10A2009F09AFAFA22381C3D49920095
:1060EC0005F01AF9FA22381C0021920009F0EBFB9A
:1060FC004EE02B880A2B0CD0019809F087FA6B46DE
:10610C00FA221B79381C01219200BB7205F004F9AC
:10611C0089E72B880A2B00D085E7301C211CFFF760
:10612C0013FF80E7221C2B8809329A4200DB7AE7A6
:10613C00FA222B889200934206D92988264889B2E4
:10614C0009F03FFA00E00024301C211CFFF7FCFE94
:10615C00702E0AD1022C0AD91021F87A022209F0E9
:10616C005DFA1B48E11E0C3007E0632C03D818487D
:10617C00211C0A3001E01121184809F069FA0A20A3
:10618C0009F044FAFA221248211C920005F0C4F8D6
:10619C0000232B8047E7124A10881A88904200D0BF
:1061AC0047E7F7BD301C211CFFF7CEFE211C321C2B
:1061BC000C4809F006FAEBE7780200206E0200208A
:1061CC0054080020E7030000740200207202002033
:1061DC0079020020FFFF0000754401087F4401088C
:1061EC0076020020914401089623F0B5151C0A3262
:1061FC0085B05B009A4200D9FEE7524B524C1B789B
:10620C00002B04D02521514809F022FA19E0AA22CA
:10621C00227062702A0AA070E3702171637122727D
:10622C006572A371E3712A1C09329A4209DBE25CA4
:10623C004749C8690006FBD592B201330A859BB267
:10624C00F1E702A806F014FFFA21039B8900181C41
:10625C0001930BF02FFB0299021C03903D4809F0AF
:10626C00B0F904213C4809F0F3F920786378000276
:10627C0018430422102109F0D1F9384F0121381CA0
:10628C0009F0E6F902221021A07809F0C7F90121E2
:10629C00381C09F0DDF9E678237936021E43052215
:1062AC000A21301C09F0BAF90121381C09F0D0F987
:1062BC0002221021607909F0B1F90121381C09F092
:1062CC00C7F9A079E379000218430422102109F0E0
:1062DC00A5F90121381C09F0BBF9207A637A000278
:1062EC000A211843052209F099F9381C012109F0FB
:1062FC00AFF9702E1AD1022D1BD9A37A18480D2B89
:10630C0000D01848032109F0A3F9E07A10210222E9
:10631C0009F084F96419E91E134809F099F9637AB4
:10632C000F480D2B00D00F48032104E00A21EC2E5E
:10633C0000D0291C0D4809F08BF90A2009F066F9E8
:10634C0005B0F0BDCC0F002028070020C144010887
:10635C000044004063440108E7440108AE430108CF
:10636C00BB440108BE44010834070020320700205A
:10637C00034BDA69C0231340C02BF9D17047C046D8
:10638C0000440040044B1A69120603D5034A5A60B4
:10639C00034A5A607047C0460020024023016745FB
:1063AC00AB89EFCD70B502250D4E0E4CFFF7EAFF11
:1063BC000D480AF053FB301C0AF0E0FA23690B4835
:1063CC00AB4323610AF04AFB301C0AF0D7FA802257
:1063DC002369AB43236123691343236170BDC0461A
:1063EC0050C300000020024000F0010800F8010832
:1063FC00F0B587B005AB009309240B250A236C4438
:10640C006B446D4403AA061C0F1C0195191C201C1F
:10641C0004AB02F0FDFC2278254B062A02D8254B52
:10642C009200D358301C391C234A09F0CDF96B4625
:10643C009B7AC4B2FF2B08D0C1B270181F4A791ACC
:10644C0009F0C2F9C0B2241803E018403A23013411
:10645C0033542B78FF2B0AD03019391B0093184A70
:10646C00059B09F0B1F9C5B26419A5B206E03A234F
:10647C00A51C33550134A4B2ADB233556B469B7A8F
:10648C00FF2B0BD0049B70190093791B0D4A039BB7
:10649C0009F09AF9C0B2281880B203E03A23681CBC
:1064AC0080B273550D233354013080B207B0F0BD68
:1064BC00094501083C480108B6460108D7450108C2
:1064CC00D44501080E450108F0B5002487B00192AF
:1064DC000E1C221C0090019B9C4200D385E033577C
:1064EC003A2B00D181E0651C5C2B00D07BE0B1180D
:1064FC000098A21A07F0A9F873572F1C622B22D010
:10650C000ADC2F2B19D002DC222B18D05CE03A2BA2
:10651C005DD05C2B0FD057E0722B56D004DC662B71
:10652C000FD06E2B05D04FE0742B0ED0752B0ED0E8
:10653C004AE0324D4CE0324D4AE0324D48E0324DAB
:10654C0046E0324D44E0324D42E0324D40E0002313
:10655C00A11C711803A8039307F00AFFFC23039AEC
:10656C001B021340D822671D1202934220D1A71D93
:10657C00F357294D5C2B2BD13319DB795BB2752B7F
:10658C0026D1211C00230B34271C0831711804A8B8
:10659C00049307F0EDFE039B9A06110C049A9B05DD
:1065AC0092051B0F920D01330A431B0413430393F3
:1065BC00039804A907F0F0FE039B04AD002B07D150
:1065CC000098291C012209E0FEE7144D00E0144D4F
:1065DC00281C09F0A1F9291C021C009807F035F8B9
:1065EC007A1C141C77E72C1C75E7B1180098A21ABA
:1065FC0007F02BF8201C07B0F0BDC0466144010821
:10660C0090450108CE4A01088D4501081445010842
:10661C0016450108184501080C45010801470108F9
:10662C001C4D0108F0B5061C0D1C8BB0039310AB70
:10663C0010CB171C1B78211C202206A8049306F0F3
:10664C00FDFFAA1B311C06A8FFF73EFF0021089B8B
:10665C0036180293079B0593059A029B99540023C5
:10666C00F3563A2B00D09AE0731C5048191C152293
:10667C000293ED1A09F00FF9002809D1321C2B1CDA
:10668C00201C1632153B2030942102F053FD14E0EF
:10669C00474B932D00D983E0211C9422203106A86E
:1066AC0006F0CCFF02992A1C06A8FFF70DFF00216B
:1066BC00089A079BD154A84271D100253D4AEBB2F0
:1066CC000593AB009E58301C09F026F90299021C68
:1066DC00301C09F0E0F8374E002802D1364B5D5DD6
:1066EC0004E00135052DE9D105950C352B1FDBB2E6
:1066FC00052B50D801229A40131C312213424AD048
:10670C00039B002B0DD0181C211C09F0F9F8002854
:10671C0007D1201C039994222031203009F0CAF8AB
:10672C003BE0264B1B78AB4201D0254B38E0059B58
:10673C009B00F558281C09F0EFF8039B002B0DD19A
:10674C00C6B2301C1F4920300C2209F0A4F80028D6
:10675C0004D12C363378303BDBB20493049BFF2BF3
:10676C0003D1194B33203B601CE09121049B490061
:10677C00164A174809F028F8462182B20220FFF782
:10678C0033FD201C049B94210093124A2B1C2030B7
:10679C0009F01AF801E000233B60302002E00E4BB8
:1067AC0032203B6040B20BB0F0BDC0461A45010828
:1067BC003045010828480108EC4401086406002013
:1067CC003D4501084A49010859450108664501083B
:1067DC003207002072450108945001085C23F0B583
:1067EC000025071C012687B0029204AA13701933E6
:1067FC005370453B9370D370029B0091013395719C
:10680C000393731E0193039B9E4241D0009B019AFC
:10681C00985C43B20D2B1AD00CDC092B1BD003DC7B
:10682C00214C082B22D018E00A2B3AD01F4C0C2BF1
:10683C001CD012E02F2B0CD003DC1D4C222B15D0BE
:10684C000BE03A2B11D01B4C5C2B0FD005E01A4CF3
:10685C000CE01A4C0AE01A4C08E0C0B21F2815D8FC
:10686C0005A907F079FD04AC00E0164C009B381C20
:10687C005919019B5A1B06F0E8FE201C09F04CF834
:10688C00211C021C381C06F0E0FE351C0136B8E752
:10689C00009B381C5919029B5A1B06F0D6FE07B0F8
:1068AC00F0BD094CE2E7C046864501088945010860
:1068BC008C4501088F450108BB4401082D45010892
:1068CC008345010892450108BE44010870B5061CB9
:1068DC0086B00D1C141C101C1D49102208F0DBFF87
:1068EC00002823D1311C2A1C02A806F0A7FE102276
:1068FC0002A81849FFF772FF049B261C0093039B08
:10690C0010360193019A009B944663441D1C9434E9
:10691C003378281C0221104A013608F055FF023545
:10692C00A642F5D103980930FF300EE02A1C311C29
:10693C0002A806F083FE9421201C08F036FE211CD0
:10694C00021C02A8FFF74AFF039806B070BDC046B0
:10695C0095450108A6450108B7450108F0B51C1C72
:10696C001B7891B000936378161C0193A378627A1C
:10697C000293E378051C03932379207A04936379BB
:10698C0012020593A37902430693E3790B910793C3
:10699C00A37A91211B0413431A1CE37A281C1B06AF
:1069AC0013430893164A331C4900271C08F00CFFAC
:1069BC000C37C6B22021381C08F0F7FD114AA91972
:1069CC00521B921B2D320A90FF320CA806F036FE99
:1069DC000CA8391C0A9AFFF701FF3A23221C0D98C8
:1069EC002C323618AB550B9B771CD91BE819FFF7CB
:1069FC006DFF0D2338182B54013011B0F0BDC0467B
:106A0C00BC450108280700207FB5144C051C637891
:106A1C001348A27800290AD0561EB24115260291BD
:106A2C009121B21A0192009549000E4A0AE0511EBA
:106A3C008A4115218A1A00950192E2780E31029250
:106A4C00094AFF3108F0C0FEC0B282B270210220A8
:106A5C00FFF7CAFB002323707FBDC046410C00200A
:106A6C0032070020DB450108E8450108F0B5604C11
:106A7C00161C227885B00F1C002A02D0342000216D
:106A8C00B2E0072E02D932205A49ADE00122227021
:106A9C000A9A60709D18A170181C02A91022E67049
:106AAC00029508F052FD002320710298C3563A2B30
:106ABC0000D097E0013002A91022029508F045FDA4
:106ACC00002360710298C3563A2B00D08AE0013043
:106ADC0002A91022029508F038FD0023A07102983B
:106AEC00C3563A2B00D07DE0013002A9102202954A
:106AFC0008F02BFD0023E0710298C3563A2B71D19C
:106B0C00013002A91022029508F01FFD002320720B
:106B1C000298C3563A2B65D1013002A91022029576
:106B2C0008F013FD002360720298C3563A2B59D11A
:106B3C00013002A91022029508F007FD0023A07273
:106B4C000298C3563A2B4DD1013002A9102202955E
:106B5C0008F0FBFC0023E0720298C3563A2B41D19B
:106B6C00013002A91022029508F0EFFC030A6373AE
:106B7C00030C2073A373000E029BE0731B785BB2B3
:106B8C003A2B2FD123799A0705D5E279002A02D125
:106B9C003220194928E01B0707D5002006F02AFAF5
:106BAC00002802D0322015491EE0029B5C1C0023F9
:106BBC009F4204D1301C01F091FF031C0C33104A8E
:106BCC00201C0092291C019603AAFFF72BFD0399A8
:106BDC00041E302C04D10B49301C01F099FF00210C
:106BEC00201C01E032200849FFF70EFF05B0F0BD74
:106BFC00410C0020364E0108F5450108FB45010803
:106C0C00510C0020450C002094500108F0B5DFB069
:106C1C000AAF012901D801F047FA0122C34B061C27
:106C2C001A704A1E93B20022BB60C3181A70C27845
:106C3C00FB60302A00D002E20379302B2FD183780D
:106C4C00632B01D001F02AFAB94A1378591C117040
:106C5C00B84AD268002A01D0526801E0012252429F
:106C6C003021009100210191B34904920291B34962
:106C7C00B34A039191210592B24A49000692B24A55
:106C8C00B2480792B24A12680892B24A0992B24AC2
:106C9C0008F09AFD7021C2B2022001F0FDF9312BEF
:106CAC002ED1AE4B1B685C7901231C408378672B7B
:106CBC0022D0702B01D001F0F1F9FB6810227B621D
:106CCC001423BA18D1180530102208F03EFCC0B2BB
:106CDC003875844203D0A2480121FDF7BDFD142371
:106CEC000122F8180521FDF775FA3022737800920D
:106CFC002F3A01923A7D5FE043780092062269E3D5
:106D0C00332B0AD180783038C0B20E2801D901F06B
:106D1C00C5F904F0CDF901F0C1F9342B03D104F01D
:106D2C0051FA01F0BBF9352B20D1BB680A2B17D9CE
:106D3C0010221423BA18D418F818211C802206F03B
:106D4C007DFC1423BA68711DF818053AFFF7BCFBDB
:106D5C000023211C2354002003F060FF01F09EF956
:106D6C000020011C03F07CFF01F098F9362B25D193
:106D7C007A4B1B6899788378672B17D0702B01D0CE
:106D8C0001F08CF9FB6810227B621423BA18D1181D
:106D9C000530102208F0D9FB012318404340041C95
:106DAC00181CFDF78BFE73783022A6E7437800920F
:106DBC0006220192053A0A40029210E2372B3DD18D
:106DCC008378672B23D0702B0BD0612B01D001F073
:106DDC0065F9447805F060FD30230093293B01935D
:106DEC0024E0FB6810227B621423BA18D1180530FA
:106DFC00102208F0AAFB43004008C018C0B2FDF7EF
:106E0C0085FE303073780722009001F0F1F8FDF721
:106E1C006FFE302374780093293B01930CF0C6FF6E
:106E2C000022504B0BF0FEFC0AF08CFF91210290DB
:106E3C00490046484C4A231C00F026FC382B4DD107
:106E4C008378441D702B3FD1201C48490F2208F039
:106E5C0022FD002801D1523034E0201C44490A2282
:106E6C0008F019FD002801D150302BE0201C4149BD
:106E7C00062208F010FD002801D1543022E0201C1D
:106E8C003D49022208F007FD002801D1073019E026
:106E9C00201C3A49022208F0FEFC002801D10830DF
:106EAC0010E0201C3649042208F0F5FC002801D122
:106EBC00223007E0201C3349052208F0ECFC0028A6
:106ECC0002D15830FEF7F2FEB378652B01D001F0F9
:106EDC00E5F8201C03F06AFE01F0E0F8392B01D034
:106EEC0001F0DCF88378702B03D1FEF7D7FD01F0AD
:106EFC00D5F8642B03D1FEF7DDFD01F0CFF8632B41
:106F0C0003D1FEF791FD01F0C9F8742B3CD1441D5F
:106F1C00201C08F001FDC0B200900020231C011CB5
:106F2C00021CFEF791FD01F0B9F8C046400C0020A0
:106F3C0061060020C00000207A10002043460108A2
:106F4C004D100020F1440108710D00203207002083
:106F5C00FC3D0008DB1000202146010870060020D3
:106F6C005401002000000440E84501085646010881
:106F7C006646010871460108784601087B460108FF
:106F8C001C4B01087E460108622B01D001F086F8EB
:106F9C00441D201C3A2108F09EFC14231022F918E1
:106FAC007861201C08F0D1FA7B693A215C1C051C25
:106FBC00201C08F090FC14237861F918201C102276
:106FCC0008F0C3FA7B69061C581CFB6810227B6115
:106FDC001423F91808F0B9FA2C23FB1818707B69E4
:106FEC001022581CFB687B611423F91808F0ADFAC9
:106FFC002D23FB1818707B691022581C1E23BA18FD
:10700C00D418FA68831C7B61934209D9102214238B
:10701C00BA1868B271B2D218FEF72EFD01F03EF824
:10702C0014231022F91808F090FA10223623BA18FB
:10703C002070D318013478699C42E2D1E6E7312AFA
:10704C0071D10379302B3ED18378702B05D0732B03
:10705C002FD0302B01D001F021F8741D3A21201CC7
:10706C0008F039FC10221423BA18D11878621022B7
:10707C00201C08F06AFA7B6A102278610021581CE7
:10708C0008F063FA011C786905F0A2FF10221423A2
:10709C00BA18D118F81804F00BFF10221423BA18E0
:1070AC00D018FEF71DFA302273780092263A00F0C1
:1070BC009FFFD3490322D34808F0FCFB0220E521B3
:1070CC00032200F0E9FF312B16D18378302B03D04B
:1070DC00702B01D000F0E2FFBA68741D043A201C3A
:1070EC002821FDF777F8201C05F058FF3022737823
:1070FC000092253A00F07CFF392B01D000F0CEFF36
:10710C008378702B04D10221BF4A53788B4307E05C
:10711C00642B01D000F0C2FF0221BB4A53780B4311
:10712C00537000F0BBFF322A00D0D3E30579302D29
:10713C0061D18378612B27D14D3BF81801F0BAFC53
:10714C007378051E9C460DD03323912100931F3B71
:10715C000193AC484900AD4A634608F035FB7025F5
:10716C00C4B208E0B9683A7D05390091731D6046D8
:10717C000121FFF77BFC387DFDF76EFF002D01D060
:10718C0000F087FF00F08AFF642B1FD1FB681022F0
:10719C007B621423BA18D1180530102208F0D5F9E7
:1071AC00C0B2387501F002FD14229121737800955C
:1071BC0001923A7D490002929248954A08F004FBEC
:1071CC00C4B2387DFDF748FF00F062FF672B08D191
:1071DC0001F05EFC142273780095019202908948AC
:1071EC0045E06D2B01D000F059FF14224378019239
:1071FC0000950C3AE0E5312D4FD1FB6810227B62F3
:10720C001423BA18D1180530102208F09EF9B17861
:10721C00C2B23A757B6A67292CD1101C01F05EFC56
:10722C00784C051C737800281AD002787F2A17D85E
:10723C0030229126009276001B3A0192311C754A3D
:10724C00201C08F0C1FAC3B2C1B2FB6060182B1C41
:10725C00711A3A7DFFF782FBFB68181800F0DEFC10
:10726C003122201C00921C3A01923A7D029291210B
:10727C00490008E2702901D000F010FFF9680133D1
:10728C00C91A707800910021FFF7F0FBFDF730FE72
:10729C00387DFDF7E1FE00F001FF322D3AD1837805
:1072AC00672B03D0702B19D000F0F8FE30229125FB
:1072BC0043786D0000921A3A0192291C554A5148A4
:1072CC0008F082FAC1B2C4B2081C534B0A30C01881
:1072DC00691AFFF78DF8201800F0A0FC441D201C43
:1072EC004E49042208F0D7FA002802D101F052FCD2
:1072FC000AE0201C4A49062208F0CDFA031C0120A2
:10730C00002B01D101F048FE30307378162200902A
:10731C0000F06EFE332D3DD101F06CFCB378051CF2
:10732C00672B30D0702B03D0642B01D000F0B6FE4D
:10733C00703B59425941CBB2BB60FB6810227B6257
:10734C001423BA18D118701D102208F0FEF801236E
:10735C00041C184206D0B86801F054FC31480121D5
:10736C00FDF77AFA2A1CBB68A243D2B2002B01D0DB
:10737C002C43E2B2302173780091193901910292B9
:10738C0020480C317EE1302273780092193A019238
:10739C00029024E7342D47D18378672B1DD0702BB6
:1073AC0006D0642B01D000F079FE022464420AE07E
:1073BC00FB6810227B621423BA18D11805301022F6
:1073CC0008F0C3F8041C201C01F0D2FD30227378A5
:1073DC000092183A0192029401E701F059FD021C47
:1073EC0073780848911C03D133320092193A7FE12B
:1073FC00302100911839019102920B3142E1C046C3
:10740C008446010832070020620600204B46010822
:10741C00E845010888460108280700209246010823
:10742C009746010848010020352D27D18578672D16
:10743C001DD0702D01D000F031FEFB6810227B6254
:10744C001423BA18D1180530102208F07EF8041C49
:10745C0001F066FE3022912173780092173A019266
:10746C0002944900DA4ADB4808F0AEF930E201F048
:10747C0089FD302273780092173AAEE6362D00D093
:10748C00DCE08378672B00D188E0702B06D0642B6E
:10749C0001D000F003FE02F08FFA79E0CE4DCF4A16
:1074AC002B68741D991810221423BA18D018BC22FA
:1074BC0008F000FAFB683B619C4253D21023201C5D
:1074CC00F9181A1C08F041F83B699C4200D0B884AA
:1074DC005C1CFB683B619C4244D21023201CF918B5
:1074EC001A1C08F032F83B699C4202D02622BA18CA
:1074FC0010705C1CFB683B619C4233D21023201C37
:10750C00F9181A1C08F021F83B699C4202D0282279
:10751C00BA1810705C1CFB683B619C4222D2102391
:10752C00201CF9181A1C08F010F83B699C4202D078
:10753C002B22BA181070581CFB683B61984211D270
:10754C002B68A74A10219B181C2279188A180092C4
:10755C00082201920C32F968BA18FFF763F87969BE
:10756C00FFF752FA10221423BA18D01802F0D6F9E9
:10757C0030280DD110221423BA18D0189749BC22E8
:10758C00FCF728FE10221423BA18D01802F04CF97C
:10759C00303073781A22009000F02AFD8E4B1022A6
:1075AC0019688E4BBA18C9181423D018BC2208F0CD
:1075BC0081F910221423BA18D01802F0AFF9142351
:1075CC00F81802F0DDF9002801D000237B6130228D
:1075DC0073780092163A01927A6991240292BA8CCD
:1075EC00640003922622BA18117803220A400492EE
:1075FC002822BA181278102105922B22BA18127868
:10760C00791806921C228A180792211C754A714817
:10761C0008F0DAF8C1B2C6B21022081C3C23724D35
:10762C000A30BA184019D218611AFFF74FF90D2316
:10763C00301880B22D18AB720130EFE2372D3BD1F0
:10764C008578672D0DD0702D22D0642D01D000F0DF
:10765C0025FD01F067FF302273780092153A00F097
:10766C00C7FC01F053FF7378021E5A4803D1313224
:10767C000092163A3CE030210091153901911278B4
:10768C0008310292FF31524A08F09EF800F0B7FC24
:10769C00FB6810227B621423BA18D1180530102213
:1076AC0007F053FF14233875F81801F029FF302226
:1076BC0073780092153A04E1382D75D18578672DD1
:1076CC000DD0702D2AD0642D01D000F0E7FC01F014
:1076DC00C3FF302273780092143A00F089FC01F059
:1076EC0055FF7378021E3B4805D131320092153A92
:1076FC00019200F07FFC3021009114390191117836
:10770C00029151780391917804919121D27849009A
:10771C000592364A08F058F800F071FC441D201C04
:10772C003A2108F0D8F814231022F9187861201C9B
:10773C0007F00BFF2423FB1818707B693A215C1CA3
:10774C00201C08F0C8F814231022F9187861201CAA
:10775C0007F0FBFE2523FB1818707B693A215C1C93
:10776C00201C08F0B8F814237861F9181022201C9A
:10777C0007F0EBFE2623FB1818707B691022581CAF
:10778C00FB687B611423F91807F0DFFE2723102216
:10779C00FB1818701423BA18D01801F055FF3022BA
:1077AC0073780092143A8CE0392D01D000F076FCFD
:1077BC008578672D27D01BD8642D01D000F06EFC86
:1077CC0002F0AEF9302273780092133A00F010FCFC
:1077DC00E84501083207002070060020CA060000A8
:1077EC00D20600009E46010828070020BA46010870
:1077FC00702D30D0732D01D000F050FC0120FDF71E
:10780C008BFC00F04BFC02F07DF9D64D747800280F
:10781C0009D1312391210093143B0193281C490079
:10782C00D14A231CE9E3302346880093133B019390
:10783C0003783C210293301C0AF03CF8C0B2039050
:10784C003C21301C0AF0ACF904919121281C490010
:10785C00C64A231C16E2441D201C3A2108F03BF8B2
:10786C0014231022F9187861201C07F06EFE2423D3
:10787C00FB1818707B693A215C1C201C08F02BF853
:10788C0014237861F918201C102207F05EFE7B6926
:10789C00041C581CFB6810227B611423F91807F098
:1078AC0054FE3C231022E4B25C43BA18283BC0B20D
:1078BC000419D018FC8402F01DF930227378009260
:1078CC00133A91210192A7484900A74A07F07CFF7F
:1078DC00C4B2DEE3332A00D1E0E3342A00D0DBE18A
:1078EC000379302B00D0CEE080786138152800D990
:1078FC00D4E309F0D5FFAB006D002800D303A5003D
:10790C00D303BB00D303D303D303D303D30351005B
:10791C00D303D3031600D303D303D3038900D303B8
:10792C005F00FB6810227B621423BA18D118701DFB
:10793C00102207F00AFE041C01F066FCE0B20121E3
:10794C0002F0A4FA92E0FB6810227B621423BA18AE
:10795C00D118701D102207F0F8FD7B6A051C581C0D
:10796C00FB6810227B621423BA18D118102207F07E
:10797C00ECFD7B6A041C581CFB6810227B621423F0
:10798C00BA18D118102207F0E0FD021CE1B2E8B2DF
:10799C00D2B201F023FC69E0FB6810227B62142355
:1079AC00BA18D118701D102207F0CFFDC0B205F027
:1079BC00D9F85BE0FB6810227B621423BA18D1184B
:1079CC00701D102207F0C1FD80B205F0D5F84DE016
:1079DC00FB6810227B621423BA18D118701D102278
:1079EC0007F0B3FD7B6A041C581CFB6810227B62F9
:1079FC001423BA18D118102207F0A7FD011CE0B20D
:107A0C00C9B205F0C5F831E0FB6810227B62142383
:107A1C00BA18D118701D102207F097FD7B6A041C50
:107A2C00581CFB6810227B621423BA18D118102240
:107A3C0007F08BFD011CE0B2C9B205F0BDF815E0F2
:107A4C000639701D89B205F079FA0FE0FB68102237
:107A5C007B621423BA18D118701D102207F075FD23
:107A6C00C1B2002005F01CF805F030F8302291214D
:107A7C0073780092083A01923D4A3A4812784900CC
:107A8C0002923C4A00E6312B00D079E083786E2BD1
:107A9C0065D008D8642B00D000E302F039FE302208
:107AAC007378009257E0702B08D0732B00D0F5E25E
:107ABC0040793038C0B202F089FAEFE2441D201C44
:107ACC002D49042207F0E7FE051E24D110221423B1
:107ADC00BA18D1189622F818520005F0AFFD1423ED
:107AEC00311CBC68F818083C0931221CFEF7ECFC70
:107AFC00031C3220A3422CD1FB690121FB60BB6922
:107B0C00BB60BA68FB689D54F8692A1C02F022FC21
:107B1C003030C0B21DE0201C1849062207F0BBFE15
:107B2C00041E01D0322014E0FB6810227B62301C52
:107B3C001423BA18D1180B30102207F006FDC0B26E
:107B4C0000F0CCFF0028EDD02C300121221C02F0DB
:107B5C0001FC737800902922024801922DE002F07A
:107B6C0003FE9BE2320700204B460108D046010879
:107B7C00CD010020E3460108EE460108F34601085A
:107B8C00322B1ED18378672B00D087E2122205306E
:107B9C00A04907F080FE7378021E9F4809D19121FD
:107BAC0030320092063A01929C4A490002929C4A59
:107BBC006AE532220092083A01929121994A4900D1
:107BCC001BE2352B00D069E28378672B02D0732B34
:107BDC0026D063E207220530934907F05CFE7378E8
:107BEC00021E8D4803D0914A1278042A0BD1904A78
:107BFC0090495370012313700A2207F05BFE022098
:107C0C0046210A2248E2322291210092053A019241
:107C1C00894A49000292894A07F0D6FD84B237E2BC
:107C2C00451D02F06DFD7C4C00282ED0281C84498B
:107C3C00062207F030FE824BFB60002803D17B4B01
:107C4C001B78092B0AD0281C7E49062207F023FE3C
:107C5C0000281AD1754B1B78082B16D102F050FD59
:107C6C00724A73781278FE68092A00D0754E302259
:107C7C00912103900490201C0092033A0192724AC5
:107C8C000296490007F0A0FDB9E132227378009208
:107C9C00053A0192201CADE1352A00D071E103793F
:107CAC00302B00D0FAE18378672B0CD0732B00D1EA
:107CBC00D6E0642B00D0F1E101F056FB3022737852
:107CCC000092023294E11023F8180433C118FA1808
:107CDC0001F0F4FA021C30327378912100923222B6
:107CEC00041C01924C484900584A07F06DFDC5B27E
:107CFC00002C00D087E00023FB603B7DFA689A42A1
:107D0C007FDA3B7C7A6A1B01D6180023F25E531C87
:107D1C0065D04F4B00215B5E9B1A062B5FDC7368B2
:107D2C004C4ADB03DB0B93420AD0281C91214A4AB4
:107D3C000A3010184900494A07F046FD2D18ADB21B
:107D4C00454B6C1CA4B25D192C23201C9121AB72E9
:107D5C00414B424D0A3018182A1CB378490007F0E1
:107D6C0033FD3D4A2418A3B25C1CD3182C229A7202
:107D7C00B368384ADB03A4B2DB0BBD60934207D077
:107D8C00201C9121344A0A30101849002A1C0CE09E
:107D9C007368304ADB03DB0B93420AD0201C912121
:107DAC002D4A0A301018BA68490007F00DFD241846
:107DBC00A4B22C23284A651C1419A372F368254914
:107DCC00DB03ADB2DB0B8B4209D0281C91210A30AE
:107DDC0080184900BA6807F0F7FC2D18ADB23A23A9
:107DEC001D486A1C4519AB723B7C92B2002B01D129
:107DFC003B7D00E0013B3B74FB68151C0133FB60D1
:107E0C007BE7013DADB20D23681C84B212484519C5
:107E1C00AB723DE1034701083207002021470108FE
:107E2C0016470108FA46010881470108640600203C
:107E3C003D0C00208947010894470108DB450108E7
:107E4C00134601081A460108A34701088846010891
:107E5C002C0D0020FFFF0100280700201145010810
:107E6C006B4600259EB03B600AAB181CFF217022AC
:107E7C00BB6007F028FDBB68741D7B60FB6810229B
:107E8C007B621423BA18D118201C102207F05DFB5A
:107E9C000023796ACB562C2B50D1BB682C011C19B2
:107EAC00C303DA0B6368481C5B0C5B04134363600D
:107EBC0000237A681380FB6810227B621423BA18A3
:107ECC00D118102207F041FB7B6898700023786A68
:107EDC00C3562C2B00D0E5E0FB6810227B621423E8
:107EEC00BA18D1180130102207F02FFB6368DB039E
:107EFC00DB0B984206D0A368C0035B0CC00B5B0481
:107F0C001843A06000237C6AE3562C2B00D0C9E0F8
:107F1C00FB6810227B621423BA180134D118201C80
:107F2C00102207F012FB0121BA682B01D3189A7B9F
:107F3C009881000C08408A4310439873062D06D094
:107F4C0000237C6AE3563A2B00D0ABE001347B680B
:107F5C00013510337B60072D90D1281CB96801F0D6
:107F6C00C9F93030C0B232229121737849000090A7
:107F7C0001924F484F4A07F027FC3B68C4B29D461C
:107F8C0086E0392A76D10379322B3AD0352B00D0C2
:107F9C0084E08378702B00D080E0802341794648C0
:107FAC00DB0502681C1C920092081A4380230260B5
:107FBC001B02021C880757D593619020C0050368EB
:107FCC009B009B082343036080231B024C074DD569
:107FDC008361302413683848A343203C2343136047
:107FEC000423CA0744D583613022737800922F3260
:107FFC002F48019291212F4A490007F0E5FBC4B2AA
:10800C0046E08378702B49D1451D281C3A2107F096
:10801C0062FC041EAC4204D0421B291C274802F00F
:10802C00DDFD0134201C3A2107F055FC051C021B18
:10803C00211C23486C1C02F0D1FD201C3A2107F0B6
:10804C004AFC051C021B211C1E4802F0C7FDFB68E4
:10805C00691C5A1A1C4802F0C1FDFA20C00004F039
:10806C008DF803F017F919E09362A6E78362B0E785
:10807C008362B9E75A2A11D103797A2B0ED183780E
:10808C00702B0BD10120503A011C02F03FFE05E091
:10809C0070250220291C221CFEF7A6F800220B4B8F
:1080AC001A7001E032205EE7BD4655B0F0BDC04607
:1080BC00320700204B46010800040048B64701086F
:1080CC00344E0108BE470108C7470108400C002088
:1080DC00F0B51C1C374B8BB01D78022D68D1171CCA
:1080EC002D2205942135344CFF355B780E1C009005
:1080FC000192201C291C002E3ED0304A07F064FB54
:10810C0083B2E118EA1A06A8049305F097FA311C19
:10811C0006A83A1CFEF762FB079B06A80393039A7A
:10812C00049B944663449BB25A1C96B23A22A11902
:10813C00E254AA1B05F082FA129A642A00D964222E
:10814C0006A81199FEF74AFB079B1B4CF21892B23A
:10815C000393531C9DB23A23A35491225200291924
:10816C00521B06A805F06AFA06A80599109AFEF7A4
:10817C0035FB079BEB180FE0114A07F025FB86B285
:10818C00A119AA1B06A805F059FA06A81199129A6A
:10819C00FEF724FB079BF3180D219BB25A1CE154EC
:1081AC0092B202207021FEF71FF80022014B1A70C8
:1081BC000BB0F0BD3D0C00203207002088460108B2
:1081CC004B4601081FB5134B1A78012A20D1022403
:1081DC001C70114B1B78042B10D102F095FA041C67
:1081EC0007F09AFB0D4B0090019300233020029373
:1081FC000B490722231CFFF76BFF09E009490E22EC
:10820C00094807F057FB201CD0210E22FDF7ECFF8C
:10821C001FBDC0463D0C0020640600201745010818
:10822C0081470108D247010832070020F0B56523C9
:10823C00912485B00F4D64000093503B071C0E1C1D
:10824C000193211C281C0C4A163B07F0BDFAC3B243
:10825C00C1B2039348193A1C611A331CFEF77EFB1A
:10826C00039B70211A1892B20220FDF7BDFF05B0D6
:10827C00F0BDC0463207002088460108F8B500243E
:10828C000D4D2B78181C01262041E7B2304003D14C
:10829C00A419082CF6D10DE0381C00F01FFC011CB1
:1082AC00381CFFF7C3FF331CA3401C1C301C2B785D
:1082BC00A3432B70F8BDC0463F0C00200123834024
:1082CC00181C10B5074A084C137818432378107003
:1082DC00002B05D1FFF7D2FFC0B2012800D12070CE
:1082EC0010BDC0463F0C0020400C0020F0B501250D
:1082FC002B4C85B023782B421DD0652391270093FE
:10830C007F004F3B274A0193391C173B264807F047
:10831C005BFAC1B2C6B2081C244B0A30C018791AD9
:10832C00FEF766F8321892B202207021FDF75CFF5E
:10833C002378AB432FE00226181C304016D065235F
:10834C0000933D3B01931A4B91211B7849000293FA
:10835C000123184A5B42144807F036FA7021C2B266
:10836C00301CFDF741FF2378B34314E004273B4254
:10837C0013D000F03FFC9121012300905B42490097
:10838C000D4A094807F020FA7021C2B2301CFDF7E3
:10839C002BFF2378BB43281C237005B0F0BDC046CF
:1083AC003C0C0020884601083207002028070020DA
:1083BC00CD010020E8450108E147010838B501244A
:1083CC00231C8340181C074A074D137818432B783D
:1083DC001070002B05D1FFF789FFC0B2002800D028
:1083EC002C7038BD3C0C0020400C00200022014BAE
:1083FC001A707047400C0020F0B587B00193244BE5
:10840C000D1C19680023061C141C994205D0006829
:10841C000122884200DC1A1C131C301C02A9DFB29A
:10842C0003F046FD02AB9B7802AAED1A3C235D4398
:10843C002D1954782C1B5C431378019AD31AE41829
:10844C000C9B002B03D0E3430C9ADB0F13703368A7
:10845C00002C01DAE4180F4BE4180D4B18680023BC
:10846C00984204D00122844200DC1A1C131CDBB29B
:10847C009F420AD0084B221A1968084B1B68CD1A68
:10848C00AA4203DB581A201800E0201C07B0F0BDEC
:10849C00F010002080510100F4100020F810002092
:1084AC0070B53C26051C4379447880791C1B7443B9
:1084BC002418A8782B78241A301C86B06043DB066D
:1084CC001FD5B423E879DB00002905D0411C5943A2
:1084DC00331C09194B4302E043431B19734302AE8F
:1084EC00D21801A8311C019203F0E2FC3C206A79FD
:1084FC00B3789B1A434372789B18AA799B1AE41A97
:10850C00604306B070BDF7B50025C779141CC6785A
:10851C00AF4206D0331C1341DB0702D50D1C691E7C
:10852C008D410721381C09F055FA07210190381CA0
:10853C0009F036FB00290CD0062C02D00134E4B231
:10854C0000E00024321C012322411340ED180139B4
:10855C00F0E70B1C301C0122184101330240891832
:10856C00072BF7D1019B59436818FEBDF0B50B687A
:10857C0093B00B930378041C0D1C1B071AD4002317
:10858C0061780093A2780BA8FFF736FF0EAD0B9025
:10859C00291C0BA803F08CFC23780B989B0700D4A8
:1085AC00ABE0E378AA791341DB0700D5A5E00130F5
:1085BC000B90E4E70B234178827808A81B18201C49
:1085CC00009308300023FFF717FF2B680C908342B1
:1085DC0003DA6178A278002321E00EAE0CA8311CDE
:1085EC0003F066FC08ABDF7AB279391C201CFFF76C
:1085FC008AFF391C06900C9A201CFFF751FF404F44
:10860C0007903A1CE0790C994243079B8A1809970A
:10861C002F68D2180023974206DD6179A279009366
:10862C00281CFFF7E9FE68E0B7791E1C002808D06B
:10863C00E3783B41DB0704D508ABDB7A1E1C731EC9
:10864C009E41002223780392DB0607D43C206378FA
:10865C00A27843439B1858430D9103900023049335
:10866C00049AE3799A4247DA2378DB060CD5069B09
:10867C000798591E704309F0ADF9099A431C5343EE
:10868C000C9A9B18181825E0039B0593069B012B4D
:10869C000AD00798591E704309F09CF9039B3C21A2
:1086AC00181809F097F90590E1220D9B52019B18BF
:1086BC003C2105980D9309F08DF93C21C3B2059826
:1086CC00089309F06DFA0023CAB200930DA808991B
:1086DC00FFF792FE0D90062F01D0013700E0002726
:1086EC00E3783B41DB0704D50D982B68984204DAFC
:1086FC000136049B0133B2E7002013B0F0BDC04635
:10870C008051010008B5024B1873FCF717FE08BD29
:10871C00080D0020F0B5C025B9B008AC2A1C061C09
:10872C00201C0F1C07F0C6F87F23227875431340DA
:10873C002370294B01951B685D19C83500932B7864
:10874C005AB2002A3CDB08213A780A4238D00B4254
:10875C0036D053400122134232D002A804F04AFC16
:10876C00002837D101223B78134206D01B480299CE
:10877C0006F027FF029BA36022E00198009BC83003
:10878C00181802A9FFF7F2FE04AF391C039003A8D6
:10879C0003F08EFBBB78AA6800936B461B781049DC
:1087AC006371029B7F78981AA77109F013F9EB7922
:1087BC0000991B1ADBB20B483A1CE37106F001FF5F
:1087CC00C022111C7143201CC831FBF703FD301C67
:1087DC00FFF774FD39B0F0BD700600205848010851
:1087EC00805101006D480108C02210B50E4BB0B08D
:1087FC0019680E4B1C78131C6343C918C8310B78CD
:10880C007F2B0FD8CB78002B0CD1684607F052F891
:10881C006B4601221B78201C93436A4669461370F1
:10882C00FFF778FF30B010BD70060020080D002057
:10883C0008B5044806F0C5FE03480121034A01F0BF
:10884C0089FD08BD95480108A8480108B18E0008AB
:10885C00C02370B5154D061C2C7815495C43154B7F
:10886C0007221B681C19F434201C07F014F800288C
:10887C0001D0114900E011490720114A03F08AFC8C
:10888C00E97B0022081C00F0A9FC002E09D0201C5A
:10889C0000210C4A01F05EFD002804D0FFF7C8FF50
:1088AC0001E001F0E3FFFCF7DBF870BD080D0020E0
:1088BC00B348010870060020C8AF000060EA000051
:1088CC003D880008B18E000810B512490B7B062BB1
:1088DC0000D0FEE7C022104B041C18680B785343E1
:1088EC00C318C8331B7904209B08CB73FFF70AFF0E
:1088FC000020FFF763FD0120FFF760FD00F070FD25
:10890C0003200121FCF794F8002C02D00020FFF783
:10891C009FFF10BD080D00207006002008B5012037
:10892C00FFF7D2FF08BD0000FF23F0B50025244C53
:10893C008DB0013007902374C0207E21214E6843F6
:10894C003268EFB21318C8331B788B43012B0CD150
:10895C00C830101807A9FFF709FE237CFF2B02D0A3
:10896C006369834201DD277460610135082DE3D111
:10897C00237CFF2B1ED008AD291C134803F098FA5A
:10898C006B79124A217C9B182A7901320092EA7881
:10899C000192AA7802926A7803922A780492C022F1
:1089AC004A4330688218F43205926269084806F02E
:1089BC0008FE02E0074806F004FE0DB0F0BDC0460C
:1089CC00080D0020700600201C0D00206C07000014
:1089DC00BB480108EB48010807B501A804F00AFBE5
:1089EC00002802D10198FFF79FFF07BD38B5194B3E
:1089FC00051C1A7B1C1C032A06D10020011CFCF749
:108A0C00B5F9002D12D10FE000F0FEFB01F080FE55
:108A1C00FCF726F803200021FCF70AF8002D05D1FD
:108A2C0003200D49FCF72AFEFFF7DEFEFF2323701F
:108A3C00FFF7D2FF00F008FD0120FFF763FE0020D6
:108A4C00FFF7BCFC072003F0BBFB044802F0AEF8B8
:108A5C00002038BD080D0020B80B0000F5480108B7
:108A6C0010B5094B094C1B689A780223134000D0AF
:108A7C0001232373FF2323702374FFF7ADFF207BA7
:108A8C00FCF75CFC10BDC04670060020080D0020F1
:108A9C00074B1A680023181CC83211787F2902D89A
:108AAC000121994008430133C032082BF5D170479E
:108ABC0070060020084B1A680023C83211787F29F1
:108ACC0002D90370002005E00133DBB2C032082B61
:108ADC00F4D1FF2040B27047700600200023072815
:108AEC0005D8C0335843034BC8301B681B18181CDF
:108AFC007047C0467006002003220020034B1B7BEE
:108B0C00033BDBB29A424041C0B27047080D0020D3
:108B1C0010B5041CFFF7FEFD064B1B78A34206D1D3
:108B2C00FFF7EAFF002802D00120FFF75FFFFFF7F5
:108B3C0053FF10BD080D002070B5144BB0B01C7C59
:108B4C00FF2C20D0C022124B0D1C1968131C634340
:108B5C00C918C831061C684606F0ACFE3C21281C1E
:108B6C0008F0A8FE6B463C215870281C09F018F838
:108B7C006B46201C99706946002E02D1FFF756FBFC
:108B8C0001E0FFF7C5FF30B070BDC046080D0020F6
:108B9C007006002008B5FFF7AFFF031C0120002B67
:108BAC0002D00020FFF722FF08BD000010B5FF2304
:108BBC00072810D8C021041C081C6043C830FBF7E0
:108BCC008DFB064B1B78A34202D1FFF7E3FF01E0BC
:108BDC00FFF702FF002358B210BDC046080D00205D
:108BEC0008B5FFF789FF002800D1FEE7FFF7D2FF99
:108BFC0008BD0000024B187B43425841C0B270477D
:108C0C00080D002037B56B46164DDC1D002812D020
:108C1C00FFF7C0FF02212B6801229B78201C8B439D
:108C2C002370FBF7D7FA072003F0CAFA0020FFF7EE
:108C3C0069FD00200EE002212B68201C9B7801228C
:108C4C000B432370FBF7C6FAFFF7C6FE0120FFF7B4
:108C5C0059FD01200449FCF711FD0220FFF7AEFB82
:108C6C0037BDC04670060020B80B000010B5054B90
:108C7C001C7B631E9C41E4B2201CFFF7C3FF201C2D
:108C8C0010BDC046080D0020F0B50D1C85B0061CAB
:108C9C0002F014F82B78002B00D098E04D4B2A688A
:108CAC001A4202D1281C00F0F7FA4B4B1A7B1C1C01
:108CBC00002A07D1197C494806F083FC3068FFF77D
:108CCC0033FE84E0281C00F033FF237CFF2B2FD0D5
:108CDC0063694349326859188A4229DB217B01298F
:108CEC0001D09A4224DB00F067FEFFF705FF002855
:108CFC0002D0FFF779FD09E0C0223A4B1968237CBA
:108D0C005343CB18C8331B799B08E3736069237CEE
:108D1C00606001302370FFF707FE3368626993428D
:108D2C0002DAA360032302E06368A3600423637385
:108D3C0023783568FF2B4AD0A3689D4247DB637BC1
:108D4C000193FF2B43D0FF236373019B032B0DD0A7
:108D5C00042B30D100F010FB03200121FBF768FE3F
:108D6C000120FFF775FD0125002726E06768BD424D
:108D7C001BDA2B1C3C33A3606B463C211B79781B04
:108D8C00637349423B3008F025FE1830A073EB1B8F
:108D9C000821154A02A806F017FD02A801F006FFEB
:108DAC00A17B124806F00DFC05E00423A760637359
:108DBC000025012701E000252F1C0198FFF7A2FCDC
:108DCC00002D02D00020FFF7F9FA002FB0D105B02A
:108DDC00F0BDC04600FFFF00080D0020F948010857
:108DEC0060FAFFFF700600201D49010822490108A6
:108DFC0010B50C1C0068FFF797FD201C00F04CFA16
:108E0C0010BD0000014B187B7047C046080D0020B8
:108E1C00F7B5089F141C1D1C099E002802D01B4B83
:108E2C001B7B0370002902D0184B1B780B70FFF7CB
:108E3C0063FE002818D0002C02D0144B5B68236012
:108E4C00002D18D0114B1B7B062B0AD1684604F061
:108E5C00D1F8072001A903F0BBF9009B019A9B18DC
:108E6C0000E000232B6006E0002C00D02060002DD9
:108E7C0001D000232360002F02D0044B5B693B60C0
:108E8C00002E02D0014B1B7C3370F7BD080D002067
:108E9C00034B1B68986C431C01D1E1200001704707
:108EAC007006002038B5041E31D12B4D2B7B062BC0
:108EBC0005D1072003F084F9201CFFF705FD2B7B5F
:108ECC00042B48D1254801F071FE254B2C781A68EB
:108EDC00C0235C431419C834E87B2179142200F0B8
:108EEC007DF923790520EB73FFF70CFCFFF7D0FF1E
:108EFC00831C08D0FA239B0043431A4A191C0720F1
:108F0C0003F048F927E0072003F05AF923E0092879
:108F1C001BD1114B1A7B042A1DD11C78C0235C4336
:108F2C000F4B11491B6803321C19F434201C06F03A
:108F3C00B2FC002806D0201C0C49072206F0ABFC22
:108F4C00002808D1FFF774FC05E0062803D1024B7A
:108F5C001B7B042BF6D038BD080D002034490108CA
:108F6C0070060020ED8B0008B34801083B4901084E
:108F7C0007B548210190042201A8FBF72BF900202A
:108F8C000EBD0000034B1B68D86C431C01D12E3066
:108F9C00FF3070477006002010B5FFF7ADFD0124BF
:108FAC00002826D0144B1B7B062B22D0FFF7EAFFA0
:108FBC00002802D1FFF702FA1BE000F025F900F0BF
:108FCC0077FA0620FFF79EFBFFF7DCFFFA239B00E6
:108FDC0043430A4A191C072003F0DCF80020FFF772
:108FEC00EDF901F01FFCFBF73BFD054801F0DEFD40
:108FFC000024201C10BDC046080D00202989000843
:10900C0097460108F7B5FFF777FD00283FD0204BB6
:10901C001B7B062B06D1072003F0D2F80120FFF7AB
:10902C0053FC33E06B465D1D00232B706B469F1D7C
:10903C00FF233B706B46DE1D291C3A1C301C00F0D4
:10904C0029FBC0223478631E9C41124BA400196882
:10905C000F4B1B785343CB18C8331B785B0708D5D1
:10906C00301C291C00F064FA3378002B01D0022349
:10907C001C432B78002B01D0FFF7DAFB002C01D11D
:10908C00FFF78AFF3978201CFCF7F6FB0120FEBDA8
:10909C00080D002070060020F7B5FFF72DFD002805
:1090AC0038D01D4F3B7B062B06D1072003F088F8E8
:1090BC000120FFF709FC2CE06B465D1D9E1DDA1D9F
:1090CC00311C281C00F01AFBC0222C78631E9C411A
:1090DC00124BA40019683B785343CB18C8331B7848
:1090EC005B0708D5281C311C00F038FA2B78002BB4
:1090FC0001D002231C433378002B01D0FFF798FBDF
:10910C00002C01D1FFF748FF6B46201CD979FCF7E6
:10911C00B3FB0120FEBDC046080D002070060020E8
:10912C0007B54C210190042201A8FBF753F800204D
:10913C000EBD0000F0B5041C1E1C85B0171C104A97
:10914C000D1C06F041FB7308261C0093E3180193D9
:10915C00019B9E420AD0BB1C381C03A9102203930E
:10916C0006F0F3F93074039F0136F1E7009A002101
:10917C001032A018AA1A06F0A6FB05B0F0BDC04626
:10918C009545010870B5134CA368616860788B42F3
:10919C0003D3002100F07AFE1BE02678851B002B00
:1091AC0005D06B43181C08F085FB3618F6B2301C42
:1091BC00002100F06BFEEB17E9185940606808F0CD
:1091CC0079FBA368011CC318034A0620A36002F0B4
:1091DC00E1FF70BD200D00209191000810B5FA241C
:1091EC00A4005443074B187059705C60002A04D1DA
:1091FC00081C111C00F04AFE03E000229A60FFF7E5
:10920C00C1FF10BD200D002010B50620002102F07A
:10921C00DFFF041C0120002C03D1053002F0D0FF2D
:10922C00201C10BD08B5044B00229B5E002B01D006
:10923C0000F0B8F908BDC0462C0D002010B586B062
:10924C0001A803F0D7FE002398420ED102AC01A86E
:10925C00211C02F02DFEE1233C22A1781B01594375
:10926C00637820785343CB181B18181C06B010BD1C
:10927C0038B5084D0023C25E00216B5E9A4208D0BF
:10928C00041CFF21102206F01EFB2B8823800023D8
:10929C00A37038BD2C0D0020064B10B5028900249C
:1092AC00195F914205D01A808279034B1A70FFF72F
:1092BC00B9FF10BD2C0D00202E0D0020F8B50B4B66
:1092CC0001271B88002B0ED00C1C061C072118B282
:1092DC00151C08F065FC0723002731702B70044B1C
:1092EC001B6858332360381CF8BDC0462C0D002079
:1092FC0070060020F0B51B4B9FB01C880120002C81
:10930C002DD00D1C20B2072108F04AFCC8B2291C34
:10931C00E21F93B201930E1C02AA03019C469B18F8
:10932C00A4CEA4C336681E6000228B5E013302D02B
:10933C00624602ABD452002802D00138C0B200E021
:10934C000620013C019BA4B21031A342E3D102A838
:10935C0058217022FAF73EFFFFF764FF00201FB080
:10936C00F0BDC0462C0D002008B558207021FAF72E
:10937C00B5FFFFF757FF08BD10B5164B9CB01C8806
:10938C00002C24D0144B702219686846583106F012
:10939C0091FA20B2072108F003FCCCB224016C44F2
:1093AC00201CFFF765FF63680C4ADB03DB0B934261
:1093BC000DD1FFF743FF6268C003C30B500C400490
:1093CC0018436060582168467022FAF703FF1CB0FE
:1093DC0010BDC0462C0D002070060020FFFF0100C0
:1093EC0010B5164B9CB01C88002C24D0144B70224A
:1093FC0019686846583106F05DFA20B2072108F06A
:10940C00CFFBCCB224016C44201CFFF731FFE36886
:10941C000C4ADB03DB0B93420DD1FFF70FFFA26865
:10942C00C003C30B500C40041843A060582168467D
:10943C007022FAF7CFFE1CB010BDC0462C0D0020D8
:10944C0070060020FFFF010010B5164B9CB01C8865
:10945C00002C25D0144B702219686846583106F040
:10946C0029FA20B2072108F09BFBCCB224016C44F2
:10947C00201CFFF7FDFEE3680C4ADB03DB0B934279
:10948C000ED1FFF7DBFE0122A37BA081000C104064
:10949C0093431843A073582168466F32FAF79AFE2B
:1094AC001CB010BD2C0D002070060020FFFF010029
:1094BC0010B5114B9CB01C88002C1AD00F4B70228D
:1094CC0019686846583106F0F5F920B2072108F002
:1094DC0067FBCCB224016C44201CFFF7C9FEA378B7
:1094EC0068460133A37058217022FAF773FE00F01E
:1094FC00BBF81CB010BDC0462C0D0020700600201F
:10950C0008B550210122FAF765FE08BD044B002076
:10951C001B6850331A787F2A00D8181C7047C04635
:10952C007006002008B550200121FAF7D7FE08BDBF
:10953C0010B50124084B1A6850321278224001D021
:10954C000C7000E00A701B6850331A780623134025
:10955C0000D00123037010BD7006002010B501244B
:10956C00094B1A6850321278224001D00C7000E07E
:10957C000A701B6850331B789B0701D5002300E051
:10958C000123037010BDC04670060020044B002060
:10959C001B6851331A787F2A00D8181C7047C046B4
:1095AC0070060020244BF7B51D682B1C51331B781B
:1095BC007F2B40D80024214B07211C70204B002608
:1095CC009E5F301C08F0ECFA2A1C543217780722E4
:1095DC001C4B17401B78C9B2019700920801281840
:1095EC0058300022875E7A1C0FD0F71B062F0CDC3C
:1095FC005327BC46AC4467463F78002F05D0012763
:10960C009F4002D080782418E4B2019A934210D083
:10961C00002902D00139C9B200E00621002B02D08A
:10962C00013BDBB200E00623009A013A0092002ACB
:10963C00D4D1024B1C70F7BD700600202F0D0020FA
:10964C002C0D00202E0D002008B551210422FAF714
:10965C00C1FDFFF7A7FF08BD08B551200421FAF79B
:10966C003DFEFFF79FFF08BD074B1B6853331B786C
:10967C00002B08D0054B1A780123934003D0044AE1
:10968C001378013313707047700600202E0D0020E4
:10969C002F0D0020F7B5174D2B68AC461C1C019301
:1096AC00523426780024FF2E03D104700C701670EF
:1096BC001FE0114F3B78B34207D204700C702B683B
:1096CC00397852331B785B1A12E00124019B513319
:1096DC001B78234001D00C7000E00B7063461B68B4
:1096EC005133197806230B4000D00123037000235B
:1096FC001370F7BD700600202F0D0020F7B5184D24
:10970C002B68AC461C1C0193523426780024FF2E87
:10971C0003D104700C70167020E0124F3B78B342EA
:10972C0007D204700C702B68397852331B785B1A93
:10973C0013E00124019B51331B78234001D00C70A2
:10974C0000E00B7063461B685133197800238907BE
:10975C0001D5037001E0012101701370F7BDC04603
:10976C00700600202F0D00207047000038B5FA2439
:10977C00084DA400A86929886043614308F09AF851
:10978C002B69221A5A43EB68211C5843101808F015
:10979C0091F838BD300D002038B5FFF7E7FFC02138
:1097AC00051C0C204901684308F084F8044CC021C6
:1097BC00A08314204901684308F07CF8E08338BD8D
:1097CC00300D0020002108B50A4B5A680A48085889
:1097DC00824203D804312029F8D100E0121A9A6091
:1097EC009968FA239B0059430820044A02F0D2FCE2
:1097FC0008BDC046300D002058490108B99A000830
:10980C00012108B5074A022093788B4300219370FD
:10981C00FBF70EF90020011CFBF7A8FA072002F059
:10982C00CFFC08BD300D0020F8B50388002B60D0AC
:10983C00051C314EFFF7AEF92B88304CB34201D1E9
:10984C00E123DB0001222380AB7813422CD0A378D8
:10985C0027881343A3702A4B1A682A4BD35CFF2B1F
:10986C0001D1294B00E01B02E360DA23DB00D35C5F
:10987C00FF2B01D1244B00E01B02022001212361AC
:10988C00FBF7D6F8FA239B005F43A761FFF784FF31
:10989C00002302222375A378A18B134307201B4AB4
:1098AC00A37002F077FC01E0FFF7AAFF2B88B3420C
:1098BC0019D0134B1A68164BD35C002B13D0AB7812
:1098CC009B0710D5281C00212830124A00F042FDBD
:1098DC00EB79FF2B01D1104B1B78E370E078002162
:1098EC0000F0D4FA01E000F013FF23886360FFF767
:1098FC0069FF0020F8BDC046FFFF0000300D0020BE
:10990C0070060020CF060000102700001D9A0008EA
:10991C00F206000075970008CD010020032210B557
:10992C008178031C0A4004D1134805F05FFE3220F5
:10993C0021E004881148844202D1E120C000188043
:10994C009A701A79642A01D964221A71DA79642A14
:10995C0001D96422DA711A7AFF2A01D100221A7213
:10996C001A1C283214783020FF2C04D100241470D7
:10997C0001220A409A7010BD78490108FFFF0000CF
:10998C0073B50C4E7368002B01D1012410E0051C3B
:10999C0001A9082002F01CFC041EF6D1FA21019842
:1099AC00890007F087FFB368C01A7368C018286075
:1099BC00201C76BD300D002008B5094B32205A68AA
:1099CC00002A0CD000225A6000F02CFFFFF718FF81
:1099DC00072002F0F5FB082002F0F2FB302008BD56
:1099EC00300D002008B5074B5B68002B06D1064BE9
:1099FC001868064BC018FFF717FF01E0FFF7DCFFF4
:109A0C00012008BD300D002070060020CA060000A1
:109A1C00F7B50222224EB378351C347D134207D0A1
:109A2C000134E4B23475C02C26D19343B37023E0D7
:109A3C00013CE4B23475002C1ED10194FFF796FE64
:109A4C00071C01A803F0D6FA3A1CB3691548019912
:109A5C0005F0B7FD0222B3781343B370B369002B42
:109A6C0002D1FFF7A9FF19E0BB4202D9DF1BB76196
:109A7C0000E0B461FFF790FEAB789B0701D5A98B92
:109A8C0000E0E98B0720084A02F084FB0E21287DB8
:109A9C0007F010FFC1B20120FBF768F9F7BDC04613
:109AAC00300D0020994901081D9A0008002010B5BE
:109ABC000E4A51680E4B8400E358994202D801308B
:109ACC000828F7D19468A14202D1FFF775FF0CE08A
:109ADC0008231B1AD078091BC00858435160C0B228
:109AEC00002100F0D3F9FFF76DFE10BD300D002002
:109AFC005849010808B502490822FAF76BFB08BD62
:109B0C0086070000044B054A1B6800209A5C7F2ADC
:109B1C0001D8024A9818704770060020860700008A
:109B2C0008B502480821FAF7D9FB08BD86070000E2
:109B3C0010B50D4B1C680D4BE15C4BB2002B11DBCF
:109B4C000378002B0ED182783C33534342789B1818
:109B5C00F122D200A25A934204D10120014201D039
:109B6C00FBF7DAFA10BDC04670060020860700002D
:109B7C0001207047012070471121084B59560129CB
:109B8C0006D00A2907D106490A6000225A7402E05D
:109B9C000221DA60597401207047C0465C0F002026
:109BAC00C80F002001207047012070471122044B80
:109BBC009A56032A01D102325A7401207047C046CA
:109BCC005C0F00200448B42905D0CC394B425941D4
:109BDC000248494208407047DC0D0020900E0020DE
:109BEC0070470000803A53425A410248524210409A
:109BFC007047C046CD0F00200022014B1A707047F1
:109C0C00CC0F00201120F8B5284D28560438072811
:109C1C0049D8141C0E1C07F039FE0446212A38447E
:109C2C00463A032312276B74EF57012F07D1081CF8
:109C3C003D221F4905F02FFE0223002815D029686C
:109C4C00002930D06B689C422DD1301C221C05F0B1
:109C5C0022FE002827D1013FAF6024E015480422E2
:109C6C0005F019FE00281ED101232B741BE0124FA6
:109C7C00381C2021114A331C05F0A6FD1F2C01D8DD
:109C8C0000233B5500236B740DE00D4F00E00D4F8E
:109C9C00381C4021094A331C05F096FD3F2CEFD9A6
:109CAC00F0E7094FE4E70120F8BDC0465C0F002047
:109CBC000C4A0108FD4A01085A100020C34A010849
:109CCC009A0D00209A100020510D002008B5024872
:109CDC0005F08CFC08BDC0464A4A010808B504488A
:109CEC0005F06FFC022090210022FCF77DFA08BDE4
:109CFC005F4A0108912108B5084B49001B78084AB6
:109D0C00084805F061FD4121C2B20220FCF76CFA53
:109D1C000122054B1A70FCF72BFB08BD500D0020DF
:109D2C006E4A010832070020CC0F00201122044B90
:109D3C009A56032A02D19A7C01329A7401207047F8
:109D4C005C0F002038B5081C0D1C0A22244905F0B4
:109D5C00A2FD244C012300283ED0281C22490922B4
:109D6C0005F099FD0A23002836D0281C1F490C2227
:109D7C0005F091FD0B2300282ED0281C1C49052230
:109D8C0005F089FD0723002826D0281C1949062236
:109D9C0005F081FD092300281ED0281C1649082235
:109DAC0005F079FD002803D10323A074637414E03B
:109DBC00281C1249072205F06EFD062300280BD043
:109DCC001123E356032B08D1281C0D49042205F05E
:109DDC0062FD002801D104236374012038BDC04604
:109DEC007E4A01085C0F0020894A0108934A010849
:109DFC00A04A0108A64A0108AD4A0108B64A010862
:109E0C009B4A010808B5104B5B785B071BD40F4AC3
:109E1C001378FF2B06D0092B06D80D495943013373
:109E2C00137002E00B4900E00B4919200B4A02F0B9
:109E3C00B1F90B4903220B4805F03CFD0220E5214A
:109E4C000322FCF7D1F908BD62060020650600204C
:109E5C008813000000974901E0930400119E00084C
:109E6C00844601083207002008B5064B1B78002BEE
:109E7C0003D0054B1878002800D0012002F0F4FD27
:109E8C0008BDC046CD010020CC01002070B5114C9E
:109E9C00051C23780E1C834214D091212B1C4900E5
:109EAC000D4A0E4805F090FC4021C2B20220FCF78E
:109EBC009BF9281C02F0C0FDFFF7D6FF012025708E
:109ECC00FEF77CFA002E03D021780020FBF768FD0A
:109EDC0070BDC046CD01002080450108320700202E
:109EEC00002208B58256031C302A02D00321074AEF
:109EFC0011709121064A4900064805F065FC502175
:109F0C00C2B20220FCF770F908BDC046CE01002099
:109F1C00BE4A0108320700200B4808B5031C403329
:109F2C001B785BB2082B0ED10849092205F0B3FC53
:109F3C00002808D18021064A4942137805480B4372
:109F4C001370FFF7CDFF08BD700F0020C64A010843
:109F5C0064060020790F002038B51049051C042236
:109F6C000F4805F0A7FC022028210422FCF73CF93D
:109F7C000C4C0822231C281C40330B491A7005F08A
:109F8C00BFFC002802D1201C084901E0201C291C20
:109F9C0005F0AFFCFFF7C0FF38BDC046D04A010842
:109FAC0032070020700F0020D54A0108A84801088C
:109FBC0008B50448FFF794FF7F23034A11780B4040
:109FCC00137008BDC05401086406002008B5084B86
:109FDC00002800D1074B9121074A4900074805F09A
:109FEC00F3FB2821C2B20220FCF7FEF808BDC046E4
:109FFC00164F01085F4F0108E64A0108320700209E
:10A00C0038B5074B041C1A781D1C7F2A05D9002271
:10A01C00044B40331A70FFF7CBFF2C7038BDC04691
:10A02C0064060020700F002070B5204E041C33789D
:10A03C00351C834238D0002815D101201C4B4233EB
:10A04C001B7803420AD0FFF7C1FFFA210A23201C18
:10A05C008900184A337002F09DF825E00221164A57
:10A06C0013788B4303E00221134A13780B431370CC
:10A07C00FFF7FAFE114B1A781E1C7F2A12D80C4BD4
:10A08C002C709B6C002B01D0201C9847002C0BD102
:10A09C0033787F2B08D90022054B40331A70FFF719
:10A0AC0087FF01E0002CF6D070BDC046CE01002029
:10A0BC00700F0020C9A70008CC0100206406002006
:10A0CC00F0B5924C924D271C201C40373A78413009
:10A0DC0051B287B02E7C0378062900D9A5E0081C64
:10A0EC0007F0D4FB0C1725047D7D1300221C0321E3
:10A0FC0040321170221C4132137030E0221C0021BE
:10A10C004032413411702370FEE0012E00D083E008
:10A11C000023221C012140321170221C4132137089
:10A12C00636C002B11D07B4805F060FAECE0221C2C
:10A13C00022140321170211C41310B701023EB565F
:10A14C00012B08D0744805F051FA7448744905F095
:10A15C00D0FB0A266FE00323137000232B7410230B
:10A16C00EB56022B1CD128686E49062205F093FB96
:10A17C006D4B002800D16D4B652291210092463A1F
:10A18C000192029349000023694A644805F01CFBC4
:10A19C00702182B20220FCF727F800236B74B3E025
:10A1AC00AB685A1C13D1EB68322B05D15B48614963
:10A1BC0005F09FFB0A26A4E006CD5F4805F001FAE6
:10A1CC00002340340A20237001F0FAFF9CE0912117
:10A1DC0052484900594A05F0F7FAC6B22BE0271C41
:10A1EC0040373A70221CE86841321370002806D1BF
:10A1FC000A3001F0E5FF0620FFF716FF84E002F0BD
:10A20C00C3FE9121031C490044484C4A05F0DCFA7A
:10A21C000623C6B23B700EE0221C41321370231C85
:10A22C00072240331A70002605E0037044483A7048
:10A23C0005F0C7F968E0231C221C41334032187822
:10A24C001378102704936B46DF57022F4CD0235CF6
:10A25C00211805936B461B7D5BB22F2B17D1002366
:10A26C0001316B600233012F00D0032313700B1CE0
:10A27C0029601A7850B22F2805D03A2803D0002A2A
:10A28C0001D00133F5E7591A69601B1B12E03A2B18
:10A29C0013D10123CB56722B04D1231C062240333D
:10A2AC001A7006E0702B02D16B3B137001E0652B2A
:10A2BC00F3D0831C4134237016E0059B002B0FD187
:10A2CC00049B063B012B03D91E48391C05F079F978
:10A2DC0000234034E356072B13D10023237010E0E6
:10A2EC00194805F06EF90CE01849194A0A2001F0DA
:10A2FC0051FF002E08D0B2B202202921FBF774FFC7
:10A30C0002E000210A1CF1E707B0F0BD700F00203D
:10A31C005C0F0020F24A0108024B010832070020B2
:10A32C00F74A0108214B01081B4801080C4501089C
:10A33C00284B01083C4B0108474B0108634B0108B3
:10A34C00714B01087F4B01089C4B0108204E00000B
:10A35C00D99C0008F0B56D4C6D4BA26403221A70A9
:10A36C00231C0022A3B0019140339A56051C082AE5
:10A37C0003D100221A70FFF71BFE281C3A2105F0AE
:10A38C00AAFA061E01D10120BEE00123C3562F2BD1
:10A39C00F9D10223C3562F2BF5D1281C5D49042279
:10A3AC0005F079FA002806D0281C5B49042205F038
:10A3BC0072FA00280CD19121584A49002B1C58489C
:10A3CC0005F002FA292182B20220FBF70DFF7AE098
:10A3DC00281C54490622F71C05F05DFA00282AD1E6
:10A3EC00514B381C51490D221D6005F054FA051EC5
:10A3FC0006D1231C012240331A70201C4C4913E057
:10A40C00381C4C49172205F046FA051EBBD1331CEB
:10A41C0080211A33484A02A805F0D6F9231C0122E0
:10A42C00201C40331A7002A9413405F062FA2570E1
:10A43C00FFF746FE47E0281C4049062205F02BFAA0
:10A44C00002806D0281C3E49062205F024FA0028D4
:10A45C0015D1354B381C3B4909221D6005F01BFA00
:10A46C00041E90D10C239121F3564900364A303BFF
:10A47C002B4805F0A9F9462182B2022041E0281CA4
:10A48C003249072205F007FA00281ED1264B381C4A
:10A49C002C4909221D6005F0FEF9002800D072E756
:10A4AC000C239121F3564900303B274A1C4805F0F8
:10A4BC008BF9462182B20220FBF796FE0122423430
:10A4CC0023781343237000201EE0281C204905220A
:10A4DC0005F0E1F9002804D1281C0199FFF73CFD97
:10A4EC00F1E7281C1B49032205F0D5F9041E00D006
:10A4FC0049E7194910220A4805F0DCF902204621E7
:10A50C001022FBF771FE201C23B0F0BD700F002051
:10A51C00CE010020AB4B0108B04B0108B54B010834
:10A52C00320700201B480108C40F0020C84B01084B
:10A53C00D64B0108EB4B0108034C010813460108EC
:10A54C001A4601084D490108234C010881470108AE
:10A55C00104701082F4C0108334C010808B5044B77
:10A56C001B78032B02D10020FFF75EFD08BDC0460F
:10A57C00CE010020014B18787047C046CE01002058
:10A58C0070B51B4E331C40331B785BB2082B2DD19E
:10A59C0000254557041C002D11D1164C2378032B94
:10A5AC0024D10221144A13788B431370FFF75CFCFF
:10A5BC00B36C2570002B19D0281C984716E00F4956
:10A5CC00072205F068F9002806D10A4B1B78002BEE
:10A5DC000CD1FFF7A1FC09E0201C0949022205F06F
:10A5EC005AF9002802D1074805F000F870BDC046A2
:10A5FC00700F0020CE010020CC0100201C5101085E
:10A60C00444C0108474C01080023054A1370054AC5
:10A61C001370054A1370054A1370054A136070478E
:10A62C005A1000209A1000209A0D0020510D002085
:10A63C00C80F0020F0B5274C89B0636C03900D1C3B
:10A64C009C46002B18D104A9081C234BC4CBC4C0B6
:10A65C0062461B680360214B5A74012218685242EF
:10A66C00002800D09A60DA6000221D481A7402F0AB
:10A67C0055FF6064FFF7C8FF606C002D10D0039984
:10A68C002A1C02F0ADFF002821D0164804F0AEFFC2
:10A69C00FBF7BAFC606C02F082FF0023636416E0E7
:10A6AC0002F0B7FF606C02F07AFF00220E4B65647B
:10A6BC009A56002A09D00D4A0D4800920D4A0E49AF
:10A6CC00126801920D4A04F07CFFFFF7F9FC09B007
:10A6DC00F0BDC046700F0020D04901085C0F00206F
:10A6EC00E04901085A4C01085A1000209A0D00202C
:10A6FC00654C0108C80F00209A100020510D002055
:10A70C00004870475A100020004870479A100020EB
:10A71C0010B5114B114C1B787F2B09D9231C00222F
:10A72C0040339A56082A03D100221A70FFF740FCD6
:10A73C00002340340A4904220A48237005F0BAF871
:10A74C00282104220220FBF74FFD0120FFF76CFCAF
:10A75C00FFF75AFF10BDC04664060020700F0020A2
:10A76C00D04A01083207002008B50E4B1B785BB2AB
:10A77C00002B15DD0C4904220C4805F09BF8042233
:10A78C0002202821FBF730FD0322094B1A70094BDC
:10A79C0042331B78DB0703D406200749FAF76EFF18
:10A7AC0008BDC04664060020874C01083207002013
:10A7BC00CE010020700F0020B80B000008B5064B2E
:10A7CC001B780A2B07D1FFF7CFFF0121034B423334
:10A7DC001A788A431A7008BDCE010020700F002031
:10A7EC0008B50B4B1B785BB2002B10DD094904221A
:10A7FC00094805F05FF8022028210422FBF7F4FC3D
:10A80C000322064B072006491A70FAF737FF08BDDA
:10A81C00640600208C4C010832070020CE01002079
:10A82C00B80B000010B50C4B1A78022A13D0022476
:10A83C001C700A4B1B787F2B03D90948FFF750FB80
:10A84C0009E008490522084805F034F8201C2821A5
:10A85C000522FBF7C9FC10BDCE01002064060020C8
:10A86C00C0540108914C01083207002008B5094B6F
:10A87C001B787F2B03D90848FFF732FB09E0074907
:10A88C000622074805F016F8022028210622FBF7BD
:10A89C00ABFC08BD64060020790F0020974C010822
:10A8AC003207002008B50C4B197801290AD10B4B43
:10A8BC001868002803D00022FFF74CFD0BE0FFF7CF
:10A8CC00D5FF08E0064B1B785BB2002B03DD022999
:10A8DC00F5D0FFF7A7FF08BDCE010020C40F002064
:10A8EC006406002008B5034802F04EFB024B1870BA
:10A8FC0008BDC04683030000C00F0020034B1B683B
:10A90C001879FF2800D1BF387047C0467006002068
:10A91C003F23827810B50D4C1340E35CCB700F23B2
:10A92C004278134082789B0092091343E35C8B704E
:10A93C0003230278134042781B0112091343E35C92
:10A94C004B7003789B08E35C0B7010BD245001081E
:10A95C00F7B50E1C071C081C032106F0ABFF0321E6
:10A96C0084B2301C07F01CF9002902D1B6B20D1CC0
:10A97C0009E003256D1AAE19B81900212A1C04F040
:10A98C00A2FFB6B20134A400033EA4B2B3B2261F98
:10A99C000193B6B26B460420185E00280ADBB91985
:10A9AC003818FFF7B5FF019B043E033B9BB2B6B2D0
:10A9BC000193EFE7002D05D0601B38183D212A1CB0
:10A9CC0004F081FF201CFEBDF0B5654B9DB0DB682B
:10A9DC000D905B680B91141C013303D1614804F09A
:10A9EC0005FEBAE0604B1868002804D15A220FAB60
:10A9FC001A70587019E02B25002801DC2D254042D7
:10AA0C003C2106F057FF3C21061C07F0C9F8301C0E
:10AA1C000F1C3C2106F04EFF6DB2009001970FA861
:10AA2C000721524A2B1C04F0CFFE5149514804F027
:10AA3C0060FF0220EC214522FBF7D6FB0C214E4A8D
:10AA4C000B9B11A804F0C0FE0C2211AB80B2121AA1
:10AA5C000021181804F037FF4849464804F049FF14
:10AA6C009121474F474B49000093474A3B1C4748AD
:10AA7C0004F0AAFEC6B20536301C00259121444BC9
:10AA8C000A30C0180B9B49000293424A01230095DF
:10AA9C00019504F099FE9121C0B23618B3B23C4A2C
:10AAAC000A930A330C939E18364B009701930D9B17
:10AABC00394A0293637949009B1803932379374AE7
:10AACC0001330493E378301C0593A37806936378E1
:10AADC000793237808930FAB09930B9B04F074FE38
:10AAEC00041CC7B2291C202214A804F0ECFE2C4B29
:10AAFC00E4B21B6801940B9314930C9B14A81C19BF
:10AB0C00234B11A9E41803942A1C2B1C00960296C3
:10AB1C0004F0EFF89123391C0A9A5B009A1A92B24E
:10AB2C001031301CFFF714FF0A9B1E491C18A4B2ED
:10AB3C00201C174B0A30C018023404F0DAFEA2B203
:10AB4C000220EC21FBF750FB17490A4804F0D1FE18
:10AB5C000220EC210B22FBF747FB1DB0F0BDC046D9
:10AB6C00C00000209E4C0108F8100020C64C0108C3
:10AB7C00D24C01083207002080450108184D01080D
:10AB8C00434601084D1000201E4D010837070020D8
:10AB9C0028070020334D01086C070000404D0108C8
:10ABAC00803E0008BB4D0108BE4D010810B5041CC9
:10ABBC0086B001A802F01EFA01A802A901F078F9EA
:10ABCC00201C019902AAFFF7FFFE06B010BD08B5C4
:10ABDC000020FBF75FF8F9F743FF08BD70B50E1CBA
:10ABEC009121141C031C4900094A0A4804F0ECFD8D
:10ABFC0085B2281C084B0A30311CC018221C04F0EA
:10AC0C0059FE2A1992B20220D021FBF7EDFA70BD41
:10AC1C00D54D0108320700202807002038B50C1C40
:10AC2C00051C0949094A002001F0B4FA201C04F063
:10AC3C0073FE211C021C0648FFF7D0FF054B064A89
:10AC4C001D70064B1A6038BD204E0000059C000894
:10AC5C00DF4D0108500D0020019D00080C0700205D
:10AC6C0010B5A4B0012905D0002905D0022914D1B2
:10AC7C000B4B02E00B4B00E00B4B041C0B4A0293FA
:10AC8C0000920B4A8021019204A80A4A0A4B04F054
:10AC9C009BFD201C04A9FFF7C1FF24B010BDC046CA
:10ACAC002943010887450108F04301084346010880
:10ACBC004D100020EE4D0108FE4D0108F7B503259F
:10ACCC000F783D401ED10C1C4E78FFF717FE0190FB
:10ACDC00A0783C2460430F21801906F07BFE019B79
:10ACEC0098420FD1301C0F2106F06AFEC9B24C43BA
:10ACFC00054BE4191B78A4109C4203D1281C02219B
:10AD0C00FFF7AEFFF7BDC046C00F002007B50A49DC
:10AD1C00002800D109490A480122FFF75FFF6B4662
:10AD2C00D81D084B02211B689A787F2313400122FF
:10AD3C000370F9F74FFA07BD49460108C0540108E2
:10AD4C00134E010870060020014B18607047C04676
:10AD5C00BC0F002038B5054B051C1B68044C002BA0
:10AD6C0001D021789847257038BDC046BC0F002013
:10AD7C006206002008B50620FFF7ECFF002001F06A
:10AD8C001FFAFFF724FF08BD08B50A4B1B78002BF0
:10AD9C0003D1094804F02AFC0AE0084804F011FC2D
:10ADAC000420FFF7D7FF02208E210022FBF71CFAAC
:10ADBC0008BDC046620600201A4E0108644A01080C
:10ADCC0070B5314B314C1A78051C21701E1C002AB1
:10ADDC0003D12F4804F00AFC54E0042A52D0052A6F
:10ADEC001AD1002905D109202A492B4A01F0D2F9A0
:10ADFC0048E00224214245D008215A7827488A434A
:10AE0C005A702749042204F055FD201C6F2104229E
:10AE1C00FBF7EAF9032011E08B0705D5FA2109208D
:10AE2C00C900204A01F0B6F9032D1FD0012D08D01E
:10AE3C00002D27D13378032B24D10220FFF78AFF72
:10AE4C0020E0FFF74FFD0320FFF784FF164B1A7825
:10AE5C00002A02D000221A7014E0144909220F486B
:10AE6C0004F028FD0220D021092209E002252478D3
:10AE7C002C4007D1281CFFF76DFF281C8E21221CAB
:10AE8C00FBF7B2F970BDC04662060020DA10002054
:10AE9C001A4E0108C8AF000095AD0008320700201B
:10AEAC002A4E0108D9B20008660600202F4E010870
:10AEBC0008B5052813D0092818D0012818D103305B
:10AECC00FFF748FF0B4B09205B781B0704D40A499A
:10AEDC000A4A01F05FF90BE001F072F908E0084B47
:10AEEC001B78DB0604D4FFF735FF01E0FFF74CFFBE
:10AEFC0008BDC04662060020C0270900E99C000876
:10AF0C00DA100020022802D10122014B1A7070477E
:10AF1C006606002010B509240549221C054804F0DA
:10AF2C00C9FC0220D021221CFBF75EF910BDC046E3
:10AF3C002F4E01083207002030B5104B87B05A78DD
:10AF4C00051C1C1C530702D50D4800F06BFF6378E1
:10AF5C005B0710D5002D01D00A4B00E00A4B019382
:10AF6C000021019802F034F801A802A900F0A0FF1A
:10AF7C0002A8FAF7B5FA07B030BDC0466206002049
:10AF8C00C054010870EA7A575F107A5738B501251A
:10AF9C00064C63782B4208D1031C0A1C0448196820
:10AFAC00FFF712FD63782B43637038BD62060020F7
:10AFBC00394E010808B5034B1B78032B01D1FFF761
:10AFCC00E5FF08BD6206002010B50020B0B0FFF709
:10AFDC00B3FF6846FF21C02204F075FC6A460123CA
:10AFEC0013701E2307249370002164235470137173
:10AFFC00D170501D221C04F066FC03A807490B22DB
:10B00C0004F058FC1C220BA8054904F053FC201C2E
:10B01C006946FDF77DFD30B010BDC0463E4E0108BF
:10B02C00494E010830B501251D4BB1B01B6801AC70
:10B03C005B790521AB432A1C201C2370F9F7CAF855
:10B04C00FFF7C2FF0020FDF7DDFD6A4600231370F9
:10B05C0007335370684678339370D570FEF7F4FA63
:10B06C00FEF782F9FF21BC22201C04F02CFC0D49B8
:10B07C000D2203A804F01EFC0BA80B49202204F09F
:10B08C0019FC201CFEF74AFC302804D1201C07496F
:10B09C00BC22F9F79FF8FF20F9F738FD31B030BD2D
:10B0AC0070060020654E0108724E0108CA060000A9
:10B0BC00174B820070B5D658051C301C04F02CFCC4
:10B0CC00041C311C221C134804F0F4FBA2B2022015
:10B0DC00D121FBF789F8022D02D0032D0ED016E0FA
:10B0EC000D4A0C200D4901F055F80D4B1A781C1C1B
:10B0FC00002A01D1F9F7F6FD012307E0084B1A7875
:10B10C001C1C012A01D1F9F709FE0023237070BD24
:10B11C00EC4F0108320700201DB2000860EA000065
:10B12C00990D0020312238B504251F4B02209A724C
:10B13C000921303AFBF758F81C4C2A1C201C1C49DE
:10B14C0004F0B8FB2A1C02200D356F21FBF74CF8DC
:10B15C002A1C201C174904F0ADFB2A1C0220D0210C
:10B16C00FBF742F8033D02205B210022FBF73CF881
:10B17C002A1C201C104904F09DFB2A1C0220D02103
:10B18C00FBF732F80D4A0E490C2001F003F80B20A6
:10B19C00FFF78EFF0220FFF7DDFD07200021F9F7F6
:10B1AC0047FCFFF7B7FE38BD280700203207002008
:10B1BC002A4E0108924E0108A44E01081DB2000847
:10B1CC00204E000038B500240225094A094B1C709A
:10B1DC0013782B431370FEF747FE0720FFF768FF29
:10B1EC00281C9621221CFAF7FFFF01F0E5FE38BD62
:10B1FC00CC0100206406002008B5044B18780138F7
:10B20C00434258410230FFF753FF08BD990D00200F
:10B21C0008B50320FFF74CFF08BD00009022032166
:10B22C0038B501250F4CD205236800209B009B08E4
:10B23C00236013689B009B08136023688B432B438C
:10B24C0023601168084B0B40802149010B431360AC
:10B25C00C02223689343803A13432360F9F72CF9F7
:10B26C00A56138BD00040048FFCFFFFF38B590241E
:10B27C00051CE405002801D04023A3620A2000F03D
:10B28C007DFF002D01D04023A36180239B00A3618F
:10B29C0038BD000038B50748902404F0A7F94025C4
:10B2AC00C820E405A562400000F068FFFAF7ACFE88
:10B2BC00A56138BDB34E0108012208B5024B1A70C6
:10B2CC00FEF7A0FD08BDC046650600207FB501A8AD
:10B2DC0001F090FE002807D101A802A900F0E8FDBA
:10B2EC0001A802A9FFF752FEFFF7E6FF07B000BD69
:10B2FC00FF2208B5054B00211A7001F069FE1920D8
:10B30C000349044A00F046FF08BDC046650600200C
:10B31C0000974901119E0008F0B5171C02798FB0F7
:10B32C00041C0D1C462A00D130E330D8322A00D13F
:10B33C008EE114D80A2A00D1EAE107D8052A5FD099
:10B34C00092A00D02EE3F9F78BFB2BE32A2A71D0C4
:10B35C00312A00D171E10B2A00D023E32FE2402ADD
:10B36C0000D13EE207D8332A00D182E10025362AEB
:10B37C0000D195E116E3442A00D1B7E200D9AAE244
:10B38C00422A00D00EE3F9F76BFBA07AD3E28C2AA9
:10B39C006FD012D85B2A00D19EE105D8502A00D17B
:10B3AC0093E15A2A38D0FDE2722A00D1B6E27C2A07
:10B3BC0049D0702A00D0F5E263E2CD2A1DD008D81E
:10B3CC00962A00D1BAE2AA2A0DD08F2A00D0E9E23F
:10B3DC0055E0D12A00D12BE2E52A00D1BEE2D02AD9
:10B3EC0000D0DFE258E0092000F0EAFEE378AA2B57
:10B3FC0000D0D7E2FFF796FED4E2FFF7BBFCD1E218
:10B40C00011CD04E0A31301C282204F053FA0023C0
:10B41C00272D0BD908360BE0011CCB4E0A31301C02
:10B42C00202204F047FA00231F2D01D87355B9E2EE
:10B43C00F377B7E2C54B0A3000219D4200D0291C9E
:10B44C00FFF7F8F8AEE2A17CA37B3039303B5B0010
:10B45C0089001943A37D807A303BDB001943A37E1E
:10B46C003038303B1B011943C0B2C9B2FFF7A8FCFE
:10B47C0098E2807A3038C0B2FFF744FD92E201299D
:10B48C0004D0B34804F0B2F8062002E0807A3038D9
:10B49C00C0B2FFF70DFD85E24379022B00D181E2AA
:10B4AC000B1CB94200D93B1C251C00269BB20493F3
:10B4BC000A35E3189E72281CA649042204F0EBF905
:10B4CC00B04211D1A44A5378590700D56AE20499C5
:10B4DC00052900D066E203310B430920537000F0BC
:10B4EC006FFEFFF751FC5DE2281C9C490B2204F017
:10B4FC00D2F90590031E11D1221C0933163298483B
:10B50C009421FF33FDF716FE964B9749D878FDF73B
:10B51C00FFFA30200599FBF777FA43E2281C934990
:10B52C00092204F0B8F9002841D1021C1434A35CA0
:10B53C00002B1BD009281BD83A2B14D10121A3189E
:10B54C0059563A290FD1022159563A290BD1DB7899
:10B55C005BB23A2B07D10432410092B209AB0130F5
:10B56C00CA52C0B2E3E7013292B2E0E7022813D923
:10B57C00FFF7CAF8051C04F0CFF909AA93881288C2
:10B58C00E118019104990090CB1A0A3B0293043AFA
:10B59C003020211C2B1C07E0754A30200192092217
:10B5AC00191C02921A1C0093FCF792FDFAE1281C5C
:10B5BC0070490B2204F06FF900280BD1201C0923D1
:10B5CC0016300B3F00930190029730206A490722F6
:10B5DC006A4BE9E7281C6A490C2204F05CF9002844
:10B5EC0004D1231C5848173320210AE0281C654934
:10B5FC00092204F050F9002807D1231C28215148B6
:10B60C001433614A04F0E0F8CCE1281C5F490E22A7
:10B61C0004F041F9002806D15D4B1B68002B00D1CA
:10B62C00C0E19847BEE15B4B009601930C2331209F
:10B63C000293311C321C331CB6E70A35451909A993
:10B64C000A220A30099503F080FFFEF787FFA9E173
:10B65C000A35451909A90A220A30099503F075FF24
:10B66C00C4B2201CFEF7CCFC0020132C00D099E1B6
:10B67C0028E00A35451909A90A220A30099503F070
:10B68C0064FFC0B2FEF7D0FC434B1B78132B00D1E8
:10B69C0088E1FAF725F985E10135052D00D181E125
:10B6AC003E4EEB009F590493381C04F035F9021CF4
:10B6BC00201C391C0A3004F0EEF80028ECD1049B55
:10B6CC00F6183079FEF7B0FC6CE100234518AB722C
:10B6DC000A30FEF755FF65E100260A34304D700044
:10B6EC00211C40190222013604F0E4F80334062E22
:10B6FC00F4D10023E9180A78101C4138192801D814
:10B70C0020320A7001330C2BF4D100232B7349E146
:10B71C000A35451909A90A30099503F016FF1E4B85
:10B72C001B78012B01D0102B42D102241D4B1E493A
:10B73C0007221E481C7004F0BDF8201C0C210722A7
:10B74C00D1E0C046710D00207A100020FFFF0000F0
:10B75C0066500108344E010862060020845001082E
:10B76C00710C0020410C0020450C0020D74701082B
:10B77C00905001089A50010881470108A650010811
:10B78C00974E0108A94E0108C34A0108DF4D010874
:10B79C000C070020B0500108640600207451010809
:10B7AC004D10002067060020BC5001083207002015
:10B7BC0031227D4B02209A720B21303A93E043796F
:10B7CC00012B0ED1794B1A78052A0AD1002278491F
:10B7DC001A707848093204F06DF802200C21092205
:10B7EC0081E06379002B00D0DCE0201C0A35651960
:10B7FC0009A90A300A22099503F0A7FEC1B26E4CC2
:10B80C00642901D96421217023788B420DD06B4BB4
:10B81C0021701B78002B02D00020FAF7C1F8207899
:10B82C0001F00AF90020FCF7C9FDFEF71DFBB9E099
:10B83C000A2900D8B6E0051C0A356148291C0A22E1
:10B84C0004F029F8002803D10330FFF731FCA9E0FC
:10B85C005C48291C0C2204F01EF8002800D1A1E041
:10B86C005948291C0C2204F016F8061E00D099E049
:10B87C00211C564D1631281C0C2204F01BF82E737B
:10B88C0090E005291CD90021A94200DB8AE0081CA4
:10B89C000A30201803780A2B00D083E04B1C5E1C66
:10B8AC00AB420BDAE218927A0D2A05D1591A4B1CCD
:10B8BC0099B2FBF7ABF901E0331CF0E7311CE3E77D
:10B8CC00FCF7DCFC00286DD1FCF710FD002869D1D9
:10B8DC00FCF78CFD66E03E490522364803F0EAFF92
:10B8EC000220D3210522FAF77FFC5BE00A350A22FD
:10B8FC00451909A90A30099503F027FE041C35489F
:10B90C00211C03F05EFEFE20FAF7C4F9F9F7A8F843
:10B91C00314B324A9C605A6000F03AF90024304BAB
:10B92C001C70F9F79DF802207321221CFAF75CFCBD
:10B93C00201C224B1C70FAF7ADF933E04379012B34
:10B94C0030D1284B244CA360F8F74EFD0920264932
:10B95C00264A00F01FFC0023A36023E0837A4E2BC1
:10B96C0014D0552B12D00B1C0A33C31807A90A226A
:10B97C000A30079303F0E9FD0890FFF7B9FC08A81B
:10B98C0009A900F095FA09A8F9F7AAFD182D09D113
:10B99C00201C17490A302A1C03F07DFF002801D116
:10B9AC00FCF710FC0FB0F0BD280700206706002044
:10B9BC00C450010832070020CD010020620600208F
:10B9CC00CE500108D9500108E6500108DB100020C8
:10B9DC00F3500108F9500108C0000020EEBEEFBE84
:10B9EC00CC0F0020AAAAEFBE10270000E5BB000870
:10B9FC000B5101080122014B1A707047E81000200E
:10BA0C000122014B5A707047E81000200122014BB3
:10BA1C009A707047E81000200122014BDA707047D1
:10BA2C00E81000200122014B1A717047E810002029
:10BA3C0070B500F0A9F8434B1B7B9B0704D4012184
:10BA4C00414A13780B431370E1204002F8F710FDC4
:10BA5C003E4B1A691C1C930506D43D4B1B699B0479
:10BA6C0002D43C4803F0C2FD23693B4E9B0606D42E
:10BA7C003A4803F0BBFD042273781343737000F053
:10BA8C0053FBFFF7CBFBF8F76BFB354D354A2B68B7
:10BA9C00981800F0AFFF344C3448A16803F091FDC6
:10BAAC0000F02EFFF9F784F807200121F8F7C0FF0A
:10BABC0001F08CFA73785B0701D5FFF7B3FA00231A
:10BACC0028682830C356013301D000F0ABF90020B0
:10BADC00FFF732FAA368264A264D934202D0012082
:10BAEC00AB4200D10020FFF7C1FBFAF78DFAFCF74F
:10BAFC00B7FFFEF7F7FEF9F787F81F4803F061FD73
:10BB0C00A368AB4204D11D4803F05BFDFFF70AFBB1
:10BB1C000023A360F8F77DFCF8F77AFC00231C1CCB
:10BB2C00174A115D002906D000231355154BA200AE
:10BB3C00D358984701230134052CF1D1002BEDD1BA
:10BB4C00EAE7C046003E0008F90600200004004861
:10BB5C0000080048B051010862060020C7510108D6
:10BB6C00700600208E070000C0000020D151010893
:10BB7C00AAAAEFBEEFBEEFBEE351010809520108BD
:10BB8C00E81000209C51010808B503F04DFF08BDDA
:10BB9C0008B50D4803F02AFD0C4BDA69C02313409D
:10BBAC00C02BF9D101220321094B5242DA67094A11
:10BBBC0013688B431360BFF35F8F00235A681B68B5
:10BBCC0083F308889047FEE727520108004800409D
:10BBDC0004E100E000000140BFF34F8F034A044B27
:10BBEC00DA60BFF34F8FC046FDE7C0460400FA058C
:10BBFC0000ED00E0012307B50D4A05209169404294
:10BC0C001943916100219269134001930A1C019B15
:10BC1C0004F092F8002102200A1C404204F08CF837
:10BC2C00002101200A1C404204F086F807BDC046E2
:10BC3C00001002407FB502680C4B9A4213D180234E
:10BC4C000B4A9B0091690B4819439161926901A9B8
:10BC5C0013400093009B02230193013302930023B2
:10BC6C00039304F06FFC07B000BDC04600240140F4
:10BC7C0000100240000400480268074B82B09A4250
:10BC8C0008D14023054A5169194351615269134047
:10BC9C000193019B02B0704700300240001002403B
:10BCAC007FB502680E4B9A4218D1C023DB01019379
:10BCBC0012230293113B03930233049301A9023321
:10BCCC000848059304F03EFC8023074ADB03D16946
:10BCDC001943D161D26913400093009B07B000BD9A
:10BCEC0000580040000400480010024008B50268EB
:10BCFC00084B9A420DD18021074A0902136A02208F
:10BD0C000B43002113620A1C04F016F8022004F005
:10BD1C0045F808BD002800400010024000B503683B
:10BD2C00244A89B093421ED18023234A9B02D169B5
:10BD3C0090201943D161D269C00513400193019B36
:10BD4C000C23032203930A3B049303A9013B0593A1
:10BD5C000692079304F0F6FB00211C200A1C03F04A
:10BD6C00EBFF1C2021E0154A934220D18023124A7C
:10BD7C00DB02D16912481943D161D26903A913407E
:10BD8C000293029BC0231B01039302230493013BE8
:10BD9C000593023306930133079304F0D3FB002180
:10BDAC001D200A1C03F0C8FF1D2003F0F7FF09B08B
:10BDBC0000BDC04600440040001002400048004056
:10BDCC0000040048026830B5051C002A05DB094850
:10BDDC000123801A814207DC05E080242406A41A82
:10BDEC000123A14200DB0023D8B2002801D1511855
:10BDFC00296030BDFFFFFF7F38B5041E0CDB6421CA
:10BE0C004942851005F0E6FDC8212D184900201C7B
:10BE1C0005F0E0FD281803E0C043FFF7EDFFC04339
:10BE2C0038BD000037B500240457051C2D3C634277
:10BE3C005C41E4B23A21001903F04DFD01A90190D7
:10BE4C001022281C03F081FB164B002C00D0404222
:10BE5C000021019C18606156134D3A2902D0002331
:10BE6C002B601EE00134201C03F035FD10220190E4
:10BE7C0001A9201C03F069FB0124019B28601C57BD
:10BE8C00981C2D3C62425441E4B2002C00D1581C49
:10BE9C000021102203F059FB044B002C00D040422F
:10BEAC00186037BDF8100020F0100020F4100020AE
:10BEBC00F0B5924B87B01B680D1C0768002B03D0A4
:10BECC009F4201DD8E4B00E08E4B1B68381C0293A9
:10BEDC008D4B8E49049305F07DFD041C2881049E36
:10BEEC00002C25DAB721201C490005F073FD011E3A
:10BEFC0002D10123E117194305A80596FFF762FF4C
:10BF0C00002800D0F8E0059E701EFFF775FF049B1B
:10BF1C000390581E0193FFF76FFF019B04969A1B29
:10BF2C006E23FF335343E418039B181A241AD6E7E5
:10BF3C000023B2070DD1301C642105F031FE012322
:10BF4C00002906D19131301CFF3105F029FE4B42FE
:10BF5C004B416F4A9B009B5801929C42C2DA381CA1
:10BF6C006A49039405F01CFE029B5E18002E03DA4E
:10BF7C00664B013CF618F9E7664B9E4212DD664BA8
:10BF8C000134F618F8E7012104A84942FFF71AFF1B
:10BF9C00002800D0B0E0049FBB0706D0019B8000B6
:10BFAC001B58E418002CEEDB2FE0381C642105F044
:10BFBC00F7FD01200029F1D19131381CFF3105F03A
:10BFCC00EFFD48424841E9E7381C642105F0E8FDE3
:10BFDC000123002906D19131381CFF3105F0E0FD19
:10BFEC004B424B41019A9B00D3589C4225DB0023CA
:10BFFC00029A9A4212D0019A9B00D35804A80121AC
:10C00C00E41AFFF7DFFE002876D10323049F3B40A0
:10C01C0002930023029A9A42E4D1D5E7381C64219A
:10C02C0005F0BEFD01230029E5D19131381CFF310B
:10C03C0005F0B6FD4B424B41DDE705A837490597A6
:10C04C00FFF7C0FE002857D1059B039A6B712B8913
:10C05C00049F9B1A1B192B81EC60781EFFF7CCFEFA
:10C06C002F4B01900721F81805F09AFD019B5818E9
:10C07C00DA38FF380019072105F092FD002900DAA3
:10C08C0007310591E121059B301CAB71090105F0CD
:10C09C00A1FCE121A8700901301C05F081FD0E1CEA
:10C0AC00081C3C2105F096FC3C216870301C05F006
:10C0BC0077FD29700021BB070ED1381C643105F0C7
:10C0CC006FFD0B1C0121002B06D19031381CFF3168
:10C0DC0005F066FD4B42594130235943114B591819
:10C0EC0000232B712B799A005258944202DBA41A2C
:10C0FC000133F6E70134EC7007B0F0BDF01000200E
:10C10C00F4100020F8100020B2070000805101004C
:10C11C00905201087F51010080AEFEFF94F8FFFFA2
:10C12C004EF8FFFF3052010808B50021D8220E4806
:10C13C0003F0C9FBFA210D4B8900186805F0BAFB16
:10C14C000B4B013898420DD80A4A0B495060C0205D
:10C15C000B6A00061B021B0A03430B62002393604D
:10C16C000733136008BDC046FC10002040020020BD
:10C17C00FFFFFF0010E000E000ED00E0044B1A6848
:10C18C0080181A68824201D230BFFAE77047C04665
:10C19C00D8110020074B30B51B68074CC91825680F
:10C1AC00064BC000C150A94200D221601818426051
:10C1BC0030BDC046D8110020D4110020FC10002046
:10C1CC000022024BC000C2507047C046FC10002039
:10C1DC00064BC000C3580120002B06D0081E04D00B
:10C1EC000020034A12689B1A0B607047FC10002059
:10C1FC00D811002008B5074B1A6801321A60064A9C
:10C20C001B6812689A4201D8FFF7F4FB03F01AFE80
:10C21C0008BDC046D8110020D411002070B50125EE
:10C22C000D4C0E4E6D426368002B0FD02268002A15
:10C23C000CD00B4909688A4202D800222260984728
:10C24C002368002B02D09D4200D91D1C0834B44237
:10C25C00E9D1044B1D6070BDFC100020D4110020EE
:10C26C00D8110020D411002038B5047AC5680919FA
:10C27C00447A49B21219281C2C6852B2A04738BD16
:10C28C0073B5051C161C01AC201C042203F012FB18
:10C29C002A7A2378E868D31823706A7A6378211C89
:10C2AC00D3186370321C4368984773BD0078C3B2CF
:10C2BC001A1C303A092A06D8052340B230385843A4
:10C2CC00054B181807E0203BDBB200205A2B02D894
:10C2DC00024A9B0098587047C65201083053010817
:10C2EC0008B54368984708BDF0B500251E1C87B0FB
:10C2FC000390049105920195EBB20293029A737A22
:10C30C00934229D9019C6A461179E3B25A1A307AC0
:10C31C00D2B290421DD90498D04217D40598EAB2F3
:10C32C00D04213D40727049A511A029A591812189A
:10C33C00E008C0B23018807A3B401841031C012041
:10C34C000340039849B252B20768B8470134A4B20B
:10C35C00D9E701350194CFE707B0F0BD70B5061CE5
:10C36C0000291BDB002A19DB057AA94216DA407A70
:10C37C00824213DA554307226C18E0101140FF2457
:10C38C00063A8A4004403019111C002B03D0827AE3
:10C39C001143817202E0837A9343837270BDF7B5C7
:10C3AC000D78061C0C1C171C002D18D10123CB5624
:10C3BC00002B14D10222037A8A569A420FD10323FE
:10C3CC00CB56417A8B420AD1002F08D15A43391CE3
:10C3DC00D2100A3003F077FA20E00135EDB26BB2DF
:10C3EC00019300220223A256E356D318019A9A42D3
:10C3FC0014DA6378009300226B4601219A560323CA
:10C40C006156E356CB189A42E7DA3B1C301C019973
:10C41C00FFF7A4FF009B0133DBB2EBE7F7BDF7B5E9
:10C42C000D1C0F2100AF7A601A78061C1140100900
:10C43C000A1C4243D210541CA44603241032A243BB
:10C44C000A32E240A2406C46A21A95466C46207213
:10C45C006846624661720A30591C03F02BFA301C94
:10C46C00291C7A686B46FFF73FFFBD46F7BD0000FD
:10C47C00F0B587B004930CAB1B7803905BB20593BB
:10C48C000DAB1B780C1C01930FAB1E78019B029219
:10C49C005B071BD500273D1CB74210D00E9BD8194B
:10C4AC00FFF704FF002803D003781B09ED18EDB249
:10C4BC00731E9F4201D00135EDB20137ECE7049BAE
:10C4CC005D1BEB0F5D196D102C1902E0019BDB0756
:10C4DC0003D50E9DE4B2AE190BE0134803F086F8B9
:10C4EC00FEE7281CFFF7E2FE071E05D10134E4B27B
:10C4FC000135B542F5D115E0019B029ADB0607D454
:10C50C000F2302781A40059B9A1A029BD21852B23A
:10C51C0061B23B1C0398FFF782FF3B781B09E418C0
:10C52C00E4B2E3E707B0F0BD0253010810B5044CC8
:10C53C0001720460034C42724460C36010BDC0467B
:10C54C0075C200088DC2000838B5141C29220A4B8C
:10C55C000D1C1A7080231843084B61B2187001200F
:10C56C0000F0C4FD281C0649221C03F0A3F901208D
:10C57C00FFF704FE38BDC046931200208E12002037
:10C58C008F120020292208B5094B1A708023094A02
:10C59C000343137060231840431E984102235170CB
:10C5AC00181A002100F0A2FD0120FFF7E7FD08BDDD
:10C5BC00931200208E12002073B500246B4669463E
:10C5CC00012212201C70FFF7BFFF6B4619780F2356
:10C5DC000A1C9A43702A03D01F4803F007F838E06E
:10C5EC001E4802F0EEFF01206946021CFFF7ACFF6B
:10C5FC006B461E78002E01D07442E4B2184D201CFC
:10C60C002C7006F0C7F807F003FC164A164B06F020
:10C61C0047FD07F059FB221C031C311C134802F088
:10C62C00D0FF0120FF230324011C2B70FFF7AAFF6E
:10C63C000F4B0720211C1C70FFF7A4FF0020211CAE
:10C64C00FFF7A0FF29780B2061430A4A0231FFF75C
:10C65C00A1FD002076BDC046B8540108C2540108A3
:10C66C006C0600209A99999999990540D054010823
:10C67C006D06002085C60008F0B585B0042202A91D
:10C68C001420FFF761FF02AB5D881C88281C06F0A4
:10C69C0081F8061C201C06F07DF8011C301C05F0EE
:10C6AC006FFB07F0B5FB604A604B061C0F1C05F0D6
:10C6BC00A5FA00280ED0201C07F03CFB5A4A5C4B14
:10C6CC0006F0EEFC061C281C0F1C07F033FB594A25
:10C6DC00594B44E0301C391C584A594B05F08EFA22
:10C6EC0000280ED0201C07F025FB564A564B06F0AE
:10C6FC00D7FC061C281C0F1C07F01CFB534A544B80
:10C70C002DE0301C391C4F4A524B05F077FA0028AB
:10C71C000ED0201C07F00EFB4F4A504B06F0C0FC0D
:10C72C00061C281C0F1C07F005FB4D4A4D4B16E050
:10C73C00391C301C4C4A4D4B05F060FA0027002880
:10C74C0018D0201C07F0F6FA494A4A4B06F0A8FC10
:10C75C00061C281C0F1C07F0EDFA334A464B06F05A
:10C76C009FFC021C0B1C301C391C06F033FF07F01D
:10C77C00A3FB071C414E424B35786A00D05A05F09A
:10C78C00C1FF011C381C05F0FBFA8721C90505F017
:10C79C00E9FC3C4B071C187805F0B4FF011C381C55
:10C7AC0005F0EEFA0196071C002C0FD08021C9056C
:10C7BC0005F05EFA0026B04213D1381C324905F060
:10C7CC0057FA461EB0410226361A0AE02F4A211C9F
:10C7DC001378642001331370FFF7D4FEFFF7ECFEDF
:10C7EC0020E0002D07D08023691E9B01C9B29C421A
:10C7FC0005D8022D08D8FF2C06D80135E9B2019BCB
:10C80C0007201970FFF7BEFE381C05F083FA204B89
:10C81C001880301CF8F79CF9FA210B2089001D4A6E
:10C82C00FFF7B8FC05B0F0BDA4703D0AD7A3D03F0C
:10C83C00D7A3F43F77BE9F1A2FDD05409A9999999B
:10C84C009999E13F713D0AD7A370E93FB0726891A5
:10C85C00ED7CEB3FA370F13F52B81E85EB51E03FEE
:10C86C0014AE47E17A14D63F0AD7A3703D0A0140B3
:10C87C00448B6CE7FBA9D13FD7A3C03F6D060020CA
:10C88C00B05401086C0600200000404068060020EF
:10C89C006A06002085C60008014B18887047C04600
:10C8AC006A060020C8B238B5172824D8D2B2072A95
:10C8BC0021D8114C2478E40702D51721081A41B26B
:10C8CC00072902DCCCB2103207E00C1C103CE4B29D
:10C8DC000F2903DC0839CCB20832D2B2062507483E
:10C8EC0001684D57291C51435A1E9341091989B2AD
:10C8FC00DAB200F03AFD38BDF9060020DC11002058
:10C90C0008B50248024900F0D3FD08BDDC11002037
:10C91C00FA54010808B5011C014800F0DFFD08BD00
:10C92C00DC11002008B50109014800F0CBFD08BD61
:10C93C00DC11002008B54B1E99414942C9B202488E
:10C94C0000F026FD08BDC046DC110020F0B50D78C6
:10C95C0085B0071C0C1C0092002D15D10123CB5661
:10C96C00002B11D1022106221A4B61561B689A56D4
:10C97C00914209D103225B79A2565BB29A4203D150
:10C98C000099FFF7D7FF22E0A378E2785B19DBB2BE
:10C99C0002936378D318DBB203936BB201936B46AB
:10C9AC001B7A019A5BB29A4211DA66786B461B7B52
:10C9BC0072B25BB29A4207DA381C0199009B0136BD
:10C9CC00FFF770FFF6B2F1E70135EDB2E5E705B020
:10C9DC00F0BDC046DC110020014B03607047C0461F
:10C9EC00D001002008B5024800F086FD08BDC04605
:10C9FC00DC1100200E4A0F4B116830B50B40802122
:10CA0C0049040B4313608023A9B001AD5B01041CE6
:10CA1C009362281C9922FF2102F055FF54232B709E
:10CA2C000023201C291CAB7000F03AF929B030BD52
:10CA3C0000040048FFFFFFFC08B582084300D31830
:10CA4C00A033C008C01880B200F096F808BD0000F2
:10CA5C008022044B5201002801D19A6100E09A62B5
:10CA6C007047C0460004004810B5041C00F07AF86A
:10CA7C00201CFFF7EDFF10BD10B57324064B1C7086
:10CA8C00064B18705970032000219A7000F02EFB91
:10CA9C000120FFF773FB10BD931200208E120020B3
:10CAAC0038B5041C0D1CFF20AD218722631E9C4150
:10CABC00FFF7E2FF03206442291C2A1C2040FFF7E9
:10CACC00DBFF014B1D7038BDE411002008B5FF20C1
:10CADC00AD218622FFF7D0FF00200122011CFFF7B9
:10CAEC00CBFFFF20AD218622FFF7C6FF0020011CE3
:10CAFC00021CFFF7C1FF08BD0523584370B5C5B232
:10CB0C00AA1C0C1CD2B20020A321FFF7B5FF0020F9
:10CB1C002278011CFFF7B0FF002023780F4E011C78
:10CB2C0073706278FFF7A8FF637802342A1C0C48F4
:10CB3C00211CB37002F0BEFE032045436519AC42C4
:10CB4C0006D020786178A278FFF796FF0334F6E7D9
:10CB5C000020E621021CFFF78FFF70BDE4110020BE
:10CB6C00E7110020421E904108B5C2B2C721002037
:10CB7C00FFF782FF08BD000010B5041CD021000A8D
:10CB8C00E2B2FFF779FF014B1C8010BD7E12002032
:10CB9C0038B50C1C051C221C0020D521FFF76CFF9E
:10CBAC002A1C0020D121FFF767FF024B9D70DC701F
:10CBBC0038BDC0467E12002038B50C1C051C221C4A
:10CBCC000020D921FFF758FF2A1C0020D221FFF7A3
:10CBDC0053FF024B1D715C7138BDC0467E120020A4
:10CBEC00F8B5061C0C1C0025EFB2B54225D0002070
:10CBFC00A1210522FFF740FF00203A1C011CFFF782
:10CC0C003BFF00202278011CFFF736FF00206278E2
:10CC1C00011CFFF731FF0020A278011CFFF72CFF4D
:10CC2C000020E278011CFFF727FF0020D821021C0E
:10CC3C00FFF722FF04340135D6E7F8BD70B588B094
:10CC4C006B46041C5A1D0D1C0023A34217DA002B43
:10CC5C0005D0611E8B4205D03A21002004E016213C
:10CC6C00012001E016210220561E013330701801FC
:10CC7C0051701070591E695C91700432E5E7201CEC
:10CC8C0001A9FFF7ADFF044B291C221C03489C7122
:10CC9C0002F010FE08B070BD7E120020851200203C
:10CCAC00F8B59026F6053268A04B802713408022F9
:10CCBC00D2021343BF003360041CB7620A200D1C60
:10CCCC00FFF75CFA0A20B761FFF758FA0020A5219C
:10CCDC00021CFFF7D1FE0020C321021CFFF7CCFE83
:10CCEC000020A4211122FFF7C7FE00235E1C032B9A
:10CCFC0003D0102B04D0002B08D10F20FF2107E00C
:10CD0C00FF217F200A1CFFF7B7FE07E00020011C63
:10CD1C000A1CFFF7B1FE331E112BE7D10020C821EE
:10CD2C00021CFFF7A9FEA279FF2A07D00020E721F9
:10CD3C00FFF7A2FEA079E11DFFF780FFA87800287D
:10CD4C0002D0691CFFF7D8FE2088794B984200D19D
:10CD5C00FA20FFF711FFA078FF2802D0E178FFF747
:10CD6C0017FF2079FF2802D06179FFF725FF0020FB
:10CD7C00D4217F22FFF780FE0020DA21021CFFF76E
:10CD8C007BFE0020DC21021CFFF776FE1720C12160
:10CD9C000022FFF771FE0020C221021CFFF76CFE7F
:10CDAC008320C421D522FFF767FEFF20AB21FB2295
:10CDBC00FFF762FE242010210922FFF75DFEFF2001
:10CDCC00AB21FA22FFF758FE082000210922FFF7B9
:10CDDC0053FEFF20AB21FA22FFF74EFE0020092262
:10CDEC00011CFFF749FEFF20AB21FB22FFF744FE9D
:10CDFC00FF2018212922FFF73FFEFF20AB21F22252
:10CE0C00FFF73AFE0020011C021CFFF735FEFF2045
:10CE1C00AB21DB22FFF730FE0020011C021CFFF7C8
:10CE2C002BFEFF20AB21DC22FFF726FE0020011C8D
:10CE3C00021CFFF721FEFF20AB21F322FFF71CFEA3
:10CE4C0000208022011CFFF717FEFF20AB21DA2205
:10CE5C00FFF712FE00203F216722FFF70DFEFF2097
:10CE6C00AD218522FFF708FEC22200201E21FFF70C
:10CE7C0003FE29780020FFF713FEFF20AD2184224A
:10CE8C00FFF7FAFD00201822011CFFF7F5FDFF202B
:10CE9C00AD218522FFF7F0FD00201F21C322FFF7F3
:10CEAC00EBFDFF20AD218122FFF7E6FD12210020D2
:10CEBC000A1CFFF7E1FDFF20AD218222FFF7DCFD0C
:10CECC00142100200A1CFFF7D7FDFF20AD2183227F
:10CEDC00FFF7D2FD0020011C021CFFF7CDFDFF2047
:10CEEC00AD218822FFF7C8FD0020AA211322FFF7ED
:10CEFC00C3FDFF20AD218922FFF7BEFD00200821D4
:10CF0C001222FFF7B9FDFFF7E1FD0020AC21021C56
:10CF1C00FFF7B2FD211C0E22064802F0CBFC291CA7
:10CF2C000E22054802F0C6FCF8BDC046FFFFF3FF19
:10CF3C00FFFF00007E120020E4110020F0B587B046
:10CF4C004518102203A9061C039502F0FEFA0024D2
:10CF5C00071CC3B20193FBB29C420CDA039B03A9DE
:10CF6C00581C1022039502F0F0FAC0B2400804AB32
:10CF7C00E0540134EFE7019804A9FFF75FFE039B2F
:10CF8C00981B80B207B0F0BD10B5041C00F06AF815
:10CF9C00211C04F015FD081C10BD000008B5FEF79F
:10CFAC0041FF0221034A13780B431370FEF728FD4F
:10CFBC0008BDC0468C1200200023024A1360024AAE
:10CFCC0013707047D4000020D00000207047000080
:10CFDC00022108B5054B064A5860197013780B43AB
:10CFEC001370FEF70DFD002008BDC046D0000020D8
:10CFFC008C120020064A1378002B05D0031E05D096
:10D00C0053680360002301E001235B42181C704746
:10D01C00D000002010B586B001A8FFF7EBFF002868
:10D02C001CD101A802A9FEF743FF0D4C2378DB07A6
:10D03C0007D501A802A9F8F781FA01A802A9FBF704
:10D04C0023FE23789B0707D501A802A9FDF7B2FFA1
:10D05C0001A802A9FBF7CCFE0023237006B010BD7B
:10D06C008C120020014B98687047C04610E000E01D
:10D07C00074B5B680360074B9A6A074B5343074A9D
:10D08C009B18FA221B0A9200534343607047C04618
:10D09C00D000002000280040C0BDF0FFC0FD320FC2
:10D0AC0008B50D4B9A68520411D5DA6852050ED5A5
:10D0BC00D9680A4A0A400121DA60094A13780B43FD
:10D0CC001370FEF79DFC074A5368013353608022AE
:10D0DC00054B52035A6108BD00280040FFFBFFFFBF
:10D0EC008C120020D0000020000401407FB5041CED
:10D0FC00154E164A1648002918D08DB23178002CDE
:10D10C000CD0167812190092FA2292000292490061
:10D11C00A3B20195321C04F0A1FA0FE0FA239B0094
:10D12C00009349002B1C04F001FA07E0A3B2FA2487
:10D13C003178A4004900009404F060F9431E984132
:10D14C00C0B204B070BDC046931200208E120020F5
:10D15C0038130020202310B5C46902681C4206D085
:10D16C001A4204D0808CC0B2002900D0884710BD70
:10D17C0010B5094CE3691B0705D1084B201C196835
:10D18C00FFF7E8FF04E0064B1B68002B00D0984724
:10D19C0041235B42236210BD004400409C120020DE
:10D1AC00981200200C4810B5C269041C01681307C2
:10D1BC0009D120231A420BD0194209D0074B196808
:10D1CC00FFF7C8FF04E0064B1B68002B00D0984704
:10D1DC0001235B42236210BD00480040A0120020D6
:10D1EC0094120020022805D0032807D10C4B19609B
:10D1FC000C4B02E00C4B19600C4B1A600138C0B29E
:10D20C000023032802D80A4B8000C35801219A68D6
:10D21C000A439A601A682031FF310A431A6070473A
:10D22C00A0120020941200209C12002098120020C2
:10D23C000455010810B50324131C49434C434B43BC
:10D24C000268A243141C1A1C2243026010BDF0B5E4
:10D25C00161C902205685203AB780C1C1809801818
:10D26C0001220F21171C0B409F40800287622B78F4
:10D27C00902758B2001108401940131C8B407F03B3
:10D28C00C01985B08002191CFFF7D4FF0722324069
:10D29C0000D108320194019B501E1B78C0B203933D
:10D2AC0090216B7849031F097F18B90201270F24BD
:10D2BC008C46391C234099400B1C61468B62694695
:10D2CC002B780B729C460B7A90215BB21B09234086
:10D2DC0049035B1861460C40391CA1400C1C41B23F
:10D2EC008C469B020293634603991941394202D042
:10D2FC00029B9C6101E0029B9C6290216B7849032C
:10D30C001F097F18B90201270F248C46391C2340B2
:10D31C0099400B1C61460138C0B28B6143B201339A
:10D32C00BED1019BB61ADB19B6B201930822002EAE
:10D33C00B1D1902329785B0348B200112040C0186A
:10D34C003B1C21408B40321C191C8002FFF772FFE2
:10D35C00AA78902153B21B0923401440A7404903DB
:10D36C005B189B029F6105B0F0BD072310B50B4005
:10D37C004468C80801219940002A04D00B1C2218CB
:10D38C009478234302E0221893788B43937010BD5A
:10D39C00002230B50568052406232C57EB56634351
:10D3AC00DC17640FE318DB109A4205DA43689B180C
:10D3BC0001329970D2B2EEE730BD08B580220B1C59
:10D3CC0012015B0013431A0A41681B0213430B80C2
:10D3DC000C22FFF73CFF08BDF8B5902301250F1C6C
:10D3EC0089780F245B03061C0809C0182B1C2140EC
:10D3FC008B408002191C2A1CFFF71CFF9021BA7865
:10D40C00490353B21B0923405B18291C224091404D
:10D41C009B029961902379785B0348B200112040FC
:10D42C00C0182B1C21408B408002191C2A1CFFF7B2
:10D43C0001FF90217A78490353B21B0923405B18F2
:10D44C00291C224091409B029961902339785B03FF
:10D45C0048B200112040C0182B1C21408B40800288
:10D46C00191C2A1CFFF7E6FEF97848B2002816DBD7
:10D47C00902300115B03C0182B1C21408B402A1CED
:10D48C00191C8002FFF7D6FEFA78902153B21B09C3
:10D49C0023401440A54049035B189B029D61301C3E
:10D4AC000121FFF78AFF301C0321FFF786FFF8BD2F
:10D4BC0008B5034B01604360FFF78EFF08BDC04603
:10D4CC00E000002008B50B1C0F2900D90F236021A8
:10D4DC0049420B43D9B2FFF770FF08BD08B54B1E8C
:10D4EC0099410231FFF769FF08BD08B5002A01D048
:10D4FC00FFF7ADFE08BD000008B54168064B026899
:10D50C000B800523D356927952B25A430A3292B207
:10D51C00FFF7EBFF08BDC0460280FFFFF7B50B68B5
:10D52C00002907D01C1E38D04C68002C35D08C68D4
:10D53C00002C32D00D1C071CC868CC2101929847D6
:10D54C00061C041CB836291C1022301C02F0B2F93F
:10D55C000025201C211C019B276063602431802244
:10D56C00A5602561143000F069F8231C271C80226B
:10D57C00A4335D621860B03704331D6001933D60C5
:10D58C00DE6004331A60F0687368291C9847019BAD
:10D59C0018603B685A1C3A60C554201CFEBD031C25
:10D5AC00A833196810B5041C002904D00C331B686F
:10D5BC009A68D8689047231CA433186800F044F884
:10D5CC00A068002803D000F080F80023A360231C7F
:10D5DC00221CC033C4321B681068211C984710BD34
:10D5EC00836870B5041C0E1C151C002B0BD1031C7E
:10D5FC000122C8331B68B830191CD34011409A4320
:10D60C0000F047F8A060311C2A1C201C01F00EF819
:10D61C0070BD836810B5041C002B0BD1031C0122B8
:10D62C00C8331B68B830191CD34011409A4300F022
:10D63C0030F8A060201C01F067FA10BD00230260D6
:10D64C0043608160C3607047704738B5041C151C7B
:10D65C0040682368421C52199A4201D31D1A013D9D
:10D66C00002D0AD0A3682A1C181802F023F90022F6
:10D67C006368ED18A36865605A5538BD002283684D
:10D68C004260934200D01A707047806870474068BF
:10D69C007047F8B5051C0F1C2B68B421C068161C0C
:10D6AC009847041C0021B42202F00DF9201C211C07
:10D6BC0080221C310C30FFF7C1FF231C9C331860F7
:10D6CC00DF601E615D61201CF8BD031C10B5041CDD
:10D6DC009C331868FFF7B8FF231CB0331B68211C60
:10D6EC009A68D868904710BDF0B51C1C1B6887B0B1
:10D6FC0003930023071C02920C9A019113600D9A5C
:10D70C0013602368029A934201D300F01DFE3B1C68
:10D71C00A4331B68002B18D03E1C9C363068FFF7D6
:10D72C00B6FF002811D03D1CA0352B68306804933F
:10D73C00FFF7ADFF049B834207D23068FFF7A5FFCC
:10D74C002B685A1C2A60C35C04E023685A1C2260B4
:10D75C00019AD35C392B1FD83A1CA432302B00D33E
:10D76C00F2E2222B42D009D8092B01D200F087FD1E
:10D77C000D2B3DD9202B3BD000F081FD2D2B00D162
:10D78C00E2E22F2B01D100F0B4FC02252C2B01D0AE
:10D79C0000F075FD00F076FD662B69D010D80525DC
:10D7AC005B2B01D100F06EFD03355D2B01D100F038
:10D7BC0069FD073D3A2B01D000F061FD00F062FDE0
:10D7CC00742B19D006D8D14A04926E2B00D189E063
:10D7DC0000F055FD06257B2B01D100F053FD0335E0
:10D7EC007D2B01D100F04EFD00F049FD002382E1BC
:10D7FC00039B013300F0A5FDC54B04932368029AEB
:10D80C00934201D300F0A0FD3B1CA4331B68002BFA
:10D81C0018D03E1C9C363068FFF739FF002811D019
:10D82C003D1CA0352B6830680593FFF730FF059B36
:10D83C00834207D23068FFF728FF2B685A1C2A60F6
:10D84C00C35C04E023685A1C2260019AD35C049ADE
:10D85C00013A127852B2934273D1049B0133049370
:10D86C00013B1B785BB2002BC8D1002500F00AFDF0
:10D87C00A84B04932368029A934201D300F064FDF1
:10D88C003B1CA4331B68002B18D03E1C9C36306804
:10D89C00FFF7FDFE002811D03D1CA0352B68306829
:10D8AC000593FFF7F4FE059B834207D23068FFF720
:10D8BC00ECFE2B685A1C2A60C35C04E023685A1CDB
:10D8CC002260019AD35C049A013A127852B29342C4
:10D8DC0037D1049B01330493013B1B785BB2002BC3
:10D8EC00C8D1C2E72368029A934201D300F02CFD01
:10D8FC003B1CA4331B68002B18D03E1C9C36306894
:10D90C00FFF7C5FE002811D03D1CA0352B683068F0
:10D91C000593FFF7BCFE059B834207D23068FFF7E7
:10D92C00B4FE2B685A1C2A60C35C04E023685A1CA2
:10D93C002260019AD35C049A013A127852B2934253
:10D94C000DD02368002B07D13A1CA0321368013B81
:10D95C001360062300F094FC013B2360F9E7049B61
:10D96C0001330493013B1B785BB2002BBAD1072522
:10D97C0000F088FC684AD25C920700D51FE13A1C83
:10D98C00AC321268002A00D026E13B1CA4331B6881
:10D99C00002B00D1C2E03D1C9C352868FFF777FEB8
:10D9AC00002800D1BAE03E1CA036336828680593E5
:10D9BC00FFF76DFE059B834200D3AFE02868FFF7AD
:10D9CC0064FE3368C31828680593FFF760FE3B1CA0
:10D9DC00AC3332681B68801A1A21002B00D1103925
:10D9EC000023834200D088E0391C9B18A0310B60C7
:10D9FC002368029A934201D300F0A6FC3B1CA4338B
:10DA0C001B68002B00D1AAE03E1C9C363068FFF747
:10DA1C003EFE002800D1A2E03D1CA0352B683068EA
:10DA2C000593FFF734FE059B834200D397E03068E3
:10DA3C00FFF72BFE2B685A1C2A60C35C222B01D1EA
:10DA4C0000F072FC5C2B95D12368029A934201D3AF
:10DA5C0000F07AFC3B1CA4331B68002B00D184E043
:10DA6C003E1C9C363068FFF712FE002800D17CE08B
:10DA7C003D1CA0352B6830680493FFF708FE049B0F
:10DA8C00834272D23068FFF700FE2B685A1C2A6062
:10DA9C00C35C752B00D081E0713B04932368029A20
:10DAAC00934201D300F050FC3B1CA4331B68002BA9
:10DABC0061D03E1C9C363068FFF7E9FD00285AD037
:10DACC003D1CA0352B6830680593FFF7E0FD059BE6
:10DADC00834250D23068FFF7D8FD2B685A1C2A605D
:10DAEC00C35C0D4AD35C5B074BD5049B013B049391
:10DAFC00002BD3D10123049347E7059D064EED5C23
:10DB0C007557294200D06FE701336AE71E560108AA
:10DB1C001556010819560108145501082368029A74
:10DB2C00934200D364E7019A1A209446029A9C44CB
:10DB3C00D11A3A1CAC321268002A00D110380022DB
:10DB4C008A4202D1CB18236052E76546C14EAD5CC8
:10DB5C007557284201D10132F2E7111CF2E7236814
:10DB6C005A1C2260019AD35C68E723685A1C226015
:10DB7C00019AD35C8DE723685A1C2260019AD35C0E
:10DB8C00AFE72368002B02D0013B236004E03A1C72
:10DB9C00A0321368013B1360042371E3AD4AD35CDC
:10DBAC00DB07A7D42368002B02D0013B236004E0E1
:10DBBC003A1CA0321368013B1360022360E3236814
:10DBCC00002B02D0013B236004E03A1CA032136806
:10DBDC00013B1360032353E35AB2002A00DBD4E663
:10DBEC005A09062A24D12368029A934200D3ABE344
:10DBFC003B1CA4331B68002B00D19BE03D1C9C35C7
:10DC0C002868FFF744FD002800D193E03B1C2868EE
:10DC1C00A0331E68FFF73BFD864200D38AE02868DC
:10DC2C00FFF733FD3A1CA0321368591C11607FE0DA
:10DC3C001A090E2A2FD0DB081E2B00D086E323688E
:10DC4C00029A934200D37FE33B1CA4331B68002B46
:10DC5C0018D03E1C9C363068FFF719FD002811D0F7
:10DC6C003D1CA0352B6830680593FFF710FD059B14
:10DC7C00834207D23068FFF708FD2B685A1C2A60D4
:10DC8C00C35C04E023685A1C2260019AD35C9B0994
:10DC9C00022B00D05AE32368029A934200D353E339
:10DCAC003B1CA4331B68002B18D03E1C9C363068E0
:10DCBC00FFF7EDFC002811D03D1CA0352B68306817
:10DCCC000593FFF7E4FC059B834207D23068FFF70E
:10DCDC00DCFC2B685A1C2A60C35C04E023685A1CC9
:10DCEC002260019AD35C9B09022B00D02EE323689F
:10DCFC00029A934200D327E33B1CA4331B68002BEE
:10DD0C0018D03E1C9C363068FFF7C1FC002811D09F
:10DD1C003D1CA0352B6830680593FFF7B8FC059BBC
:10DD2C00834207D23068FFF7B0FC2B685A1C2A607C
:10DD3C00C35C04E023685A1C2260019AD35C9B09E3
:10DD4C00022B00D002E320E62368002B02D0013B1B
:10DD5C00236004E0391CA0310B68013B0B60236885
:10DD6C0002998B4200D3EFE21368002B18D03E1CB3
:10DD7C009C363068FFF78BFC002811D03D1CA03579
:10DD8C002B6830680493FFF782FC049B834207D214
:10DD9C003068FFF77AFC2B685A1C2A60C35C04E0DD
:10DDAC0023685A1C2260019AD35C2D2B27D123683F
:10DDBC00029A934200D3C7E23B1CA4331B68002B8E
:10DDCC0018D03E1C9C363068FFF761FC002811D03F
:10DDDC003D1CA0352B6830680493FFF758FC049B5E
:10DDEC00834207D23068FFF750FC2B685A1C2A601C
:10DDFC00C35C04E023685A1C2260019AD35C22683D
:10DE0C00302B29D1029B9A4200D39DE23B1CA433B8
:10DE1C001B68002B18D03E1C9C363068FFF737FC73
:10DE2C00002811D03D1CA0352B6830680493FFF7F7
:10DE3C002EFC049B834207D23068FFF726FC2B682C
:10DE4C005A1C2A60C35C43E023685A1C2260019A66
:10DE5C00D35C3DE014550108313B082B2CD82368CA
:10DE6C00029A934200D36FE23B1CA4331B68002B35
:10DE7C0018D03E1C9C363068FFF709FC002811D0E6
:10DE8C003D1CA0352B6830680493FFF700FC049B05
:10DE9C00834207D23068FFF7F8FB2B685A1C2A60C4
:10DEAC00C35C04E023685A1C2260019AD35C1A1CE0
:10DEBC00303A092AD3D90BE0002A02D0013A226069
:10DECC0004E03A1CA0321368013B13600923D7E12C
:10DEDC000A252E2B6AD12368029A934200D333E28F
:10DEEC003B1CA4331B68002B1AD03E1C9C3630689C
:10DEFC00FFF7CDFB002813D03D1CA0352B683068F4
:10DF0C000493FFF7C4FB049B834209D23068FFF7EC
:10DF1C00BCFB2B685A1C2A60C35C0022049229E0CB
:10DF2C0023685A1C2260019AD35CF6E7049B0133E8
:10DF3C000493029B9A4200D306E23B1CA4331B6859
:10DF4C00002B1DD03E1C9C363068FFF7A0FB002830
:10DF5C0016D03D1CA0352B6830680593FFF797FB56
:10DF6C00059B83420CD23068FFF78FFB2B685A1C41
:10DF7C002A60C35C191C303922680929D6D905E0FE
:10DF8C0023685A1C2260019AD35CF3E70499002998
:10DF9C000BD1002A02D0013A226004E03A1CA032D4
:10DFAC001368013B136007236AE10B25202293437E
:10DFBC00452B00D091E02368029A934200D3C3E131
:10DFCC003B1CA4331B68002B18D03E1C9C363068BD
:10DFDC00FFF75DFB002811D03D1CA0352B68306885
:10DFEC000493FFF754FB049B834207D23068FFF77E
:10DFFC004CFB2B685A1C2A60C35C04E023685A1C37
:10E00C002260019AD35C1A1CFD212B3A0A4227D1BB
:10E01C002368029A934200D396E13B1CA4331B68FD
:10E02C00002B18D03E1C9C363068FFF730FB0028C4
:10E03C0011D03D1CA0352B6830680493FFF727FBEB
:10E04C00049B834207D23068FFF71FFB2B685A1CD6
:10E05C002A60C35C04E023685A1C2260019AD35CDA
:10E06C00303B092B2CD82368029A934200D36BE1E6
:10E07C003B1CA4331B68002B18D03E1C9C3630680C
:10E08C00FFF705FB002811D03D1CA0352B6830682C
:10E09C000493FFF7FCFA049B834207D23068FFF726
:10E0AC00F4FA2B685A1C2A60C35C04E023685A1CDF
:10E0BC002260019AD35C303B092BD4D90B250CE0A0
:10E0CC002368002B02D0013B236004E03A1CA032F1
:10E0DC001368013B13600823D2E02368002B02D0A5
:10E0EC00013B2360CEE03A1CA0321368013B136065
:10E0FC00C8E03B1CA8331968236800290BD1002BFE
:10E10C0002D0013B236004E03A1CA0321368013BAF
:10E11C0013600A23B4E002998B4200D314E1136814
:10E12C00002B18D03E1C9C363068FFF7B0FA002844
:10E13C0011D03D1CA0352B6830680493FFF7A7FA6B
:10E14C00049B834207D23068FFF79FFA2B685A1C56
:10E15C002A60C35C04E023685A1C2260019AD35CD9
:10E16C002F2B2AD12368029A934200D3ECE03B1C5C
:10E17C00A4331B68002B18D03E1C9C363068FFF76C
:10E18C0086FA002811D03D1CA0352B68306804930A
:10E19C00FFF77DFA049B834207D23068FFF775FACC
:10E1AC002B685A1C2A60C35C04E023685A1C22604A
:10E1BC00019AD35C0A2BD5D1B9E02A2B5FD1236805
:10E1CC00029A934200D3BFE03B1CA4331B68002B84
:10E1DC0018D03E1C9C363068FFF759FA002811D035
:10E1EC003D1CA0352B6830680493FFF750FA049B54
:10E1FC00834207D23068FFF748FA2B685A1C2A6012
:10E20C00C35C04E023685A1C2260019AD35C2A2B5D
:10E21C00D5D12368029A934200D395E03B1CA433DA
:10E22C001B68002B18D03E1C9C363068FFF72FFA69
:10E23C00002811D03D1CA0352B6830680493FFF7E3
:10E24C0026FA049B834207D23068FFF71EFA2B682C
:10E25C005A1C2A60C35C04E023685A1C2260019A91
:10E26C00D35C2F2B63D02368002B02D0013B23609F
:10E27C00A5E73A1CA0321368013B13609FE7052306
:10E28C0004253B723B1CA4331B68002B2ED03E1C78
:10E29C00A4363368002B04D13B1C9C331868FFF761
:10E2AC00EDF9012333603B1C039A9C339446029393
:10E2BC00019B22686344191C6346D21A029B0024FA
:10E2CC001868FFF7C2F93B1CA0331C60032D1BD050
:10E2DC00029B1868FFF7D9F90C9B1860029B186811
:10E2EC00FFF7D5F90D9B186034600DE0042D0BD0B1
:10E2FC00039A019B94466344191C0C9B2268196079
:10E30C006346D21A0D9B1A602B1C0C3B012B1FD899
:10E31C000C9B0C9A1B68013313600D9B0D9A1B68A8
:10E32C000193023B136013E0049D0C35AAE73B1CE0
:10E33C009C331868FFF7A2F93B1C0022A4331A6027
:10E34C0023680393FFF7DDF90325A0E7012397E783
:10E35C00281C07B0F0BDC046044A0309D35C0B70FF
:10E36C000F231840135C4B707047C0462B580108A4
:10E37C0010B50A1D0B78402B03D92024A343073B6F
:10E38C00DBB20468303BDBB2240123430131036070
:10E39C009142EFD110BD000010B57F2801D8087054
:10E3AC003FE0214B98420CD8402283095242134340
:10E3BC000B703F231840BF3B1843002348708B70F1
:10E3CC0031E01A4B984211D82022030B52421343CE
:10E3DC000B703F23802482091A40184000236442AA
:10E3EC00224320434A708870CB701CE0104B98423B
:10E3FC0015D81022830C524213430B7080243F23F8
:10E40C00020B64421A4022434A7082091A40184097
:10E41C000023224320438A70C8700B7103E03F2312
:10E42C000B7000234B7010BDFF070000FFFF0000B6
:10E43C00FFFF1F00F0B5002487B001920E1C221CB8
:10E44C000090019B9C4278D2335D651C5C2B72D191
:10E45C00B1180098A21AFFF7F8F8735D2F1C662B01
:10E46C001DD00ED8384D2F2B5AD003D8374D222B18
:10E47C0056D054E0364D5C2B52D0364D622B4FD0DB
:10E48C004DE0722B09D003D8334D6E2B48D046E0AB
:10E49C00742B06D0752B06D041E0304D40E0304D4A
:10E4AC003EE0304D3CE00023A11C711803A80393FF
:10E4BC00FFF75EFFFC23039A1B021340D822671D53
:10E4CC00120293421FD1A71DF35D274D5C2B27D160
:10E4DC003319DB79752B23D1211C00230B34271C1A
:10E4EC000831711804A80493FFF742FF039B9A06A6
:10E4FC00110C049A9B0592051B0F920D01330A43D4
:10E50C001B0413430393039804A9FFF745FF039BD4
:10E51C0004AD002B04D10098291C012206E0124DF9
:10E52C00281C01F0F9F9291C021C0098FFF78DF842
:10E53C007A1C141C85E72C1C83E7B1180098A21ACE
:10E54C00FFF783F807B0F0BDCE4A01088D450108EE
:10E55C00904501081645010861440108014701086E
:10E56C0014450108184501080C450108F0B503785D
:10E57C0085B0061C02912D2B03D10125441C6D4244
:10E58C0001E0041C0125237800202B3B5A42534107
:10E59C000021E418029BF3189C4236D2204B99427E
:10E5AC0003DC10D11F4B98420DD903F051F92223F3
:10E5BC000360012D03D101221B4B52422CE080231E
:10E5CC0000221B0628E00A22002303F079FB01221B
:10E5DC0023785242303B9C460093DB170193124B3D
:10E5EC00019F121A8B419F42DFDC02D16746974292
:10E5FC00DBD863466A46D373D37B092BD5D8009AF4
:10E60C00019B013480185941C4E7021C0B1C012DDD
:10E61C0002D0002342428B41101C191C05B0F0BDE6
:10E62C00CCCCCC0CD3CCCCCCFFFFFF7F031CF0B5F7
:10E63C00041C8BB0103306910292039300232361C8
:10E64C00261C251CB036A83533682A68013BD31824
:10E65C0018780C2800D94DE203F022F92B000D009C
:10E66C004E024E025901B4012B00D40159012B006A
:10E67C0003022B002B00221CC83210680822024017
:10E68C0001D00C2229E20423184000D036E2236981
:10E69C00029A934200D132E208AB009309AB01938A
:10E6AC00A0680699039BFFF71FF8032800D0A6E18A
:10E6BC00C6E708AB009309AB0193A0680699029AD0
:10E6CC00039BFFF711F80D2800D998E103F0E8F847
:10E6DC003D00970197011602FE01660059004E009D
:10E6EC00D1009701730090000E001A002368002BD4
:10E6FC0000D1D9E05B69002B00D1D5E060680899A6
:10E70C00099A20E02368002B00D1CDE05B69002B37
:10E71C0000D1C9E0261CA4363068FEF7AFFF08997B
:10E72C00099A3068FFF786FE236830685B69676872
:10E73C000493FEF7AAFF07903068FEF7A8FF021CAF
:10E74C00381C0799049B98475CE02368002B00D188
:10E75C00AAE05B68002B00D1A6E0089A60681178EB
:10E76C0074394F424F41391C98473EE02368002BC7
:10E77C0000D199E01B68002B00D195E060689847A8
:10E78C0033E02368002B01D104258EE09B69002B1C
:10E79C00FAD0606898470028F6D17FE12368002BF7
:10E7AC0001D1092581E05B6A002BFAD0606898479B
:10E7BC000028F6D172E12368002B75D0261C1F6946
:10E7CC00B036002F04D060680899099AB8470CE05D
:10E7DC009B68002B68D008980999FFF7C7FE0B1CA3
:10E7EC002168021C89686068884700285CD155E163
:10E7FC002368002B58D01E69002E0AD06068089937
:10E80C00099AB04700284FD1231CB0332A681B68E3
:10E81C0046E1DB68002B47D0251CA4352868FEF7A1
:10E82C002DFF099A08992868FEF70FFF2868FEF754
:10E83C002CFF089003F00CF8311C0660089802F0CD
:10E84C00FBFF0490059103F003F8261C0368A8361F
:10E85C000C35222B02D132682B68F5E023686068F6
:10E86C00D968049A059B884700281DD132682B680B
:10E87C0016E1271CB0372B683A689B18013B1B78B4
:10E88C00092B00D0BBE02368002B09D09B6A002B1E
:10E89C0006D060689847002802D12A683B68FFE0E0
:10E8AC003B68013B3B60CBE60025211C221CB031B0
:10E8BC000B68A8321268013BD3181A78002A01D0D1
:10E8CC000C2A01D1012204E0062A01D1013200E018
:10E8DC000A221A70002D00D1B2E6231CAC331A6840
:10E8EC0009688A4209D1261C99688032A8361A60B8
:10E8FC00C8684B68316898473060231C221CA833C9
:10E90C00B03219681368581C1060CD5498E608ABE7
:10E91C00009309AB0193A0680699029A039BFEF73A
:10E92C00E3FE03380A2800D9D9E002F0AFFFE7CFA5
:10E93C00D8D8D8D833D8D81E06002368002B14D0CA
:10E94C00DB69002B11D0261CA4363068FEF796FE2E
:10E95C000899099A3068FFF76DFD3068FEF795FE4F
:10E96C0008903068FEF793FE0990261C2368B03699
:10E97C00002B09D0DB69002B06D060680899099A36
:10E98C009847002800D189E02A683368D318013BE6
:10E99C000522A2E0261CB0362B6832689B18013B7E
:10E9AC001B78042B00D09AE02368002B06D01B6A3E
:10E9BC00002B03D06068984700286FD03368013B68
:10E9CC0033603DE608AB009309AB0193A068069950
:10E9DC00029A039BFEF788FE032800D18EE0221CCE
:10E9EC00B032042807D0012809D1136829680622FF
:10E9FC00CB18013B71E029681368CB186BE02A68CF
:10EA0C00336870E008AB009309AB0193A0680699DA
:10EA1C00029A039BFEF768FE0238072812D802F010
:10EA2C0035FF096D5511111111042368002B3FD0CE
:10EA3C001B6A2DE0231CB0332A681B68D318013BDA
:10EA4C0008224AE02A683368D3180222013B1A7064
:10EA5C002C4B099AE3602369934200D2EEE59B1A92
:10EA6C00EDE508AB009309AB0193A0680699029AF7
:10EA7C00039BFEF739FE0238062830D802F006FF59
:10EA8C001E3E262F2F2F04002368002B10D09B6ACC
:10EA9C00002B0DD060689847002809D12A6833688C
:10EAAC00D3180222013B1A70164B0130E36026E0AA
:10EABC00221CB0321368013B1360C1E5231CB03338
:10EACC002A681B68D318013B0B2206E0231CB033C9
:10EADC002A681B68D3180322013B1A70B0E5231C6B
:10EAEC00B0332A681B68D3180222013B1A70054BFD
:10EAFC00E360A5E502F0B2FE022000E000200BB0BE
:10EB0C00F0BDC0463C58010810B515490122041C43
:10EB1C00FFF78CFD002821D1231C221CB0331B686D
:10EB2C00A8321268013BD318187801380B2809D881
:10EB3C0002F0ACFE061313080808080808080806BB
:10EB4C0000200BE0221CC83212680020D20605D42B
:10EB5C0002301870034BE36000E0022010BDC04689
:10EB6C00AE4301083C58010810B5041C0A1C0021D6
:10EB7C0000F0A9FE237810BDF0B50F1CE3B0061C05
:10EB8C0003920021102204A81D1C699C00F09BFE1E
:10EB9C00391C0C2205A800F08DFE0021202210A8A3
:10EBAC0000F091FE042318A80093311C202204AB22
:10EBBC0000F0CDFA10A920230A1C18A800F0DCFAEA
:10EBCC0014AA37A810A900F061FB10A82021FFF7A8
:10EBDC00CBFF10A920230A1C18A800F0CDFA10A80E
:10EBEC002021FFF7C1FF0021102208A800F06BFEC6
:10EBFC0037A803992A1C00F087FB0F236A421A409E
:10EC0C0037A808A900F080FB6B9B012B08D118A832
:10EC1C0068996A9A231C00F0AFFA37A86A9901E048
:10EC2C00689937A8221C00F06FFB0F23002708AE51
:10EC3C0062421A4037A8311C00F066FB2B0A737035
:10EC4C002B0CB370230A7372230C3570B3722D0E18
:10EC5C00230EF37237A8F57037717771B771F771AE
:10EC6C00347237737773B773F773311C102200F05B
:10EC7C004BFB6B9B37A8012B08D16C9900F056FB12
:10EC8C0018A87C21FFF770FF381C30E00CA900F0AD
:10EC9C004DFB3D1C6C9BDA190CABDB190137112FAA
:10ECAC0004D01B78127853401D43F3E7002D0FD18D
:10ECBC006A9A231C18A8689900F05EFA18A87C219F
:10ECCC00FFF752FF0CA81021FFF74EFF281C0EE097
:10ECDC00002C03D06A98211CFFF746FF18A87C2152
:10ECEC00FFF742FF0CA81021FFF73EFF012063B095
:10ECFC00F0BD10B586B0089C0094099C01940A9C48
:10ED0C000294012403940B9C0494FFF735FF06B086
:10ED1C0010BD021CC378180693781B0403431078AB
:10ED2C00184353781B0218437047030A08704B7042
:10ED3C00030C000E8B70C87070470000F8B5061CF1
:10ED4C00051C0C1C171C1036102A0CD0202A14D1B0
:10ED5C00102200F0AFFD211C301C1031102200F0ED
:10ED6C00A9FD074B07E000F0A5FD301C211C3A1C47
:10ED7C0000F0A0FD034B2B63F8BD02F06FFDC04605
:10ED8C009658010885580108F0B5061CA3B0181C4C
:10ED9C000D1C141C1F1CFFF7BCFF0E90381DFFF739
:10EDAC00B8FF0F90381C0830FFF7B3FF1090381CD9
:10EDBC000C30FFF7AEFF1190301CFFF7AAFF12903A
:10EDCC00301DFFF7A6FF1390301C0830FFF7A1FF92
:10EDDC001490301C0C30FFF79CFF1590281CFFF78B
:10EDEC0098FF1690281DFFF794FF1790281C0830E9
:10EDFC00FFF78FFF1890281C0C30FFF78AFF199033
:10EE0C00201CFFF786FF1A90201DFFF782FF1B9036
:10EE1C00201C0830FFF77DFF1C90201C0C30FFF7E6
:10EE2C0078FF1C9B1D900B931B9B0C900A931A9BB9
:10EE3C0017980993199B169D0893189B0793159B7C
:10EE4C000693149B0593119A139B0392109A0493A7
:10EE5C0002920F9A129B01920E9A00920B220D9223
:10EE6C000D9A013A0D92002A00D1BEE01024009AAE
:10EE7C0014219F18099A7A40E24155196B40CB41F5
:10EE8C00DE19009656401822D64175191E955D4024
:10EE9C001923DD4109962095019E049DAD190A9E0A
:10EEAC002F1C6E40E641049D30184540CD41EF19B2
:10EEBC007E40D64130184540DD410495059D1F909C
:10EECC00AC4602980B9D60444540E5410A96061CF1
:10EEDC00079801972F1860467840C84186197540ED
:10EEEC00D5410296EE197040D8412195069D0590AA
:10EEFC00AC460398069F6044844665460C9868406F
:10EF0C00E041089D079040194740CF41BC44039015
:10EF1C006046079D0B904540281CD041039D0690F0
:10EF2C0045196F40DF410397009F381C049FBC4676
:10EF3C006044071C06987840E041861906906046AC
:10EF4C007040C8418446381C069F6044474000907E
:10EF5C00381CD0410C90801907906046079E704079
:10EF6C00D841059E0490B44601986044071C09984A
:10EF7C007840E04145196E40CE41F7197840D041B8
:10EF8C0009904019039D4640AC46DE41089002981A
:10EF9C0005966044061C0A9801977040E04167464C
:10EFAC001E9D45196F40CF41BE197040D04102964D
:10EFBC00209E4519B4460A900B986F40219EDF4164
:10EFCC0060444640E64164460697071C1F9830187B
:10EFDC004440CC41211CE4196640D64130184140D4
:10EFEC00D94103940B960B1C3AE701990F9A5218CE
:10EFFC001099171C8C46029A119962448C46161C67
:10F00C00039A6244141C129A9B18139A0193944607
:10F01C00049B149A634494460293159A059B63448B
:10F02C0094460393189A069B634494460493169B48
:10F03C00199AEB180593179BC3180693079B634407
:10F04C00944607931A9A089B6344944608931B9A18
:10F05C00099B6344944609930A9B63440A930B9B54
:10F06C001C9A289994461D9A634494460B930E9AC5
:10F07C000C9B634494461D1C009B6344181CFFF7B7
:10F08C0054FE289B381C191DFFF74FFE2899301C85
:10F09C000831FFF74AFE2899201C0C31FFF745FE7A
:10F0AC00289901981031FFF740FE289902981431E5
:10F0BC00FFF73BFE289903981831FFF736FE289985
:10F0CC0004981C31FFF731FE289905982031FFF781
:10F0DC002CFE289906982431FFF727FE28990798CB
:10F0EC002831FFF722FE289908982C31FFF71DFED6
:10F0FC00289909983031FFF718FE28990A9834316D
:10F10C00FFF713FE28990B983831FFF70EFE28995C
:10F11C00281C3C31FFF709FE23B0F0BD37B5031CAA
:10F12C00041C051C203410330091221C191C2B6B61
:10F13C00FFF72AFE221CA96F13780133DBB2137080
:10F14C00002B03D10132131B8B42F5D137BD70B5A7
:10F15C00049D041C1E1C002D01D102F07FFBFFF747
:10F16C00EDFD201C311C1022203000F0A3FB0023ED
:10F17C00A567636770BD000030B5051C0C1C011C35
:10F18C0085B00193064B3435009202930390743191
:10F19C00281C4022231C00F096F905B030BDC04657
:10F1AC0029F1000800231A1C30B5CC58C558641935
:10F1BC00A218D4B2C4500433120A442BF5D130BD7A
:10F1CC000023F0B595B00191019A9E009719002289
:10F1DC00151C940061427958045901324C432D1985
:10F1EC009A42F6DD1C1C019F40370134112C0AD0C9
:10F1FC00A2008258043F91018C4612027968624445
:10F20C004A43AD18F1E703AC01333551112BDBD177
:10F21C000022131CA1585B18D9B2A15004321B0A4E
:10F22C00402AF7D1139A9B1803221A4013920522F5
:10F23C009B0853430022A1585B18D9B2A150043249
:10F24C001B0A402AF7D1139AD31813930023E258C0
:10F25C00C2500433442BFAD115B0F0BD30B50023A5
:10F26C00041C93B0CD5C980001AA01338550102B7F
:10F27C00F8D10F3B111C201C1193FFF793FF211C9D
:10F28C00201C4431FFF79CFF13B030BD70B50D1C32
:10F29C00041C161C0021AC2200F015FB2B7803215A
:10F2AC0063646B78201CA364AB788830E3640F2311
:10F2BC00EA781A4022652A798A4362656A79A265DE
:10F2CC00AA79E265EA791A4022662A7A8A4362664A
:10F2DC006A7AA266AA7AE266EA7A1A4022672A7BDE
:10F2EC008A4362676A7BA267AA7BE267E97B221D7D
:10F2FC000B40D367231C00220833DA67311C103211
:10F30C0000F0D8FA70BD00001FB5041C0B1C011CCA
:10F31C000092054A983401920290A831201C1022C8
:10F32C0000F0C4F81FBDC04669F20008031CF0B51C
:10F33C00A8331F68A3B0041C0D1C002F1AD011AEEB
:10F34C00301C0021442200F0BEFA0023191C983115
:10F35C00615C9A000133B150BB42F7D101229B0092
:10F36C00201C311CF250FFF71DFF211C201C4431C6
:10F37C00FFF726FF0023191C68468831615C9A0050
:10F38C0001331150102BF6D100231093E25811AE1B
:10F39C009A510433442BF9D1301C1349FFF702FF67
:10F3AC008023326C93435A1E9A43D217D7430023BF
:10F3BC00E158F058114038400143E1500433442BDC
:10F3CC00F6D1201C6946FFF7EDFE00239A00A258E7
:10F3DC00EA540133102BF9D1201C0021AC2200F08F
:10F3EC0072FA237823B0F0BDA8580108F7B5089C31
:10F3FC0001900D1C171C1E1C002802D0086890429E
:10F40C0001D302F02BFA002E01D1002CF9D1099B6B
:10F41C00002BF6D00B9B002BF3D000282BD0002C0C
:10F42C0029D03B1A0093A34200D90094019B311CB4
:10F43C001818009A00F03EFA2A68009B9446F618B9
:10F44C00E41A63442B60BB4215D10B9801990A9BBB
:10F45C00002C00D0099B984700232B600BE02B68F5
:10F46C00002BCED10B98311C0A9BBC4200D0099BBF
:10F47C009847F619E41BBC42F1D214E028680094BA
:10F48C003B1A9C4200D90093019B311C1818009A1E
:10F49C0000F010FA2A68009B9446F618E41A6344AC
:10F4AC002B60BB42ADD2002CE8D1F7BD30B585B096
:10F4BC00099C089D019402940A9C00950394FFF703
:10F4CC0095FF05B030BDF7B5099F061C0C1C0092CA
:10F4DC001D1C002802D00B68934201D302F0BEF928
:10F4EC00002D01D1002FF9D10A9B002BF6D00B9BDC
:10F4FC00002BF3D0002F27D02368002B05D10A9BBB
:10F50C000B98311C9847009B23602368009A391C88
:10F51C00D21A01929F4200D9191C00238B420AD0A7
:10F52C00019AB218D25C94466046EA5C4240089854
:10F53C00C2540133F2E72268FF1AD21A2260089AE9
:10F54C00ED18D2180892D5E7F7BDF0B5051C0029C7
:10F55C0004D00E68002E01D000200EE02E1C643664
:10F56C00FAE7102A14D1271C613F052F14D800018B
:10F57C005738041C58B220180135B54208D22B78E4
:10F58C00DCB2271C303F092FEBD85043303808E051
:10F59C00002909D00D6007E0413C052CF8D800018A
:10F5AC0037385BB2C018E7E7F0BD00238B4206D0BA
:10F5BC00C256002A01D1191C01E00133F6E7081CE0
:10F5CC0070470FB400B5A3B024AB04CB802102A8C4
:10F5DC00019300F051F8011E03DD02A800F038F889
:10F5EC00011C081C23B008BC04B0184710B5041C3F
:10F5FC0000F092F9011C201C00F02AF801210248AD
:10F60C0000F026F810BDC0466144010807B5012181
:10F61C00019001A800F01CF801980EBD10B50B1C50
:10F62C0086B0041C1021002A04D0111C20220A2BA5
:10F63C0000D0302252B2009202A8221C00F0CFF867
:10F64C00041C02A8211C00F003F8201C06B010BDFD
:10F65C0038B5041C4518AC4208D00020054B205688
:10F66C001B680134996800F061FBF4E7012040420B
:10F67C0038BDC0463C020020F0B5071C1D1C002400
:10F68C0089B002911378252B00D088E0931C03934A
:10F69C00537859B2732913D12E682B1D301C049347
:10F6AC0000F03AF9029A0319051C934200D9151B74
:10F6BC0038192A1C311C00F0FDF86419049D7AE0FD
:10F6CC00252901D1395576E0632904D12B780435ED
:10F6DC003B5501346FE01021181C8843011C00209D
:10F6EC000490202903D1D11C0493937803911A1C04
:10F6FC00313A0026082A0BD803980A22013807A9A8
:10F70C000796FFF722FF061C079B5A1C1B780392D7
:10F71C005BB2752B0DD0782B0BD0642B24D12A1D0A
:10F72C0005922A68002A07DA2D21524239550134F4
:10F73C0002E02A1D05922A683819311E01D102995E
:10F74C00091B1025782B00D0063D00239E4204D0C7
:10F75C00049E2033002E00D0331C5BB200932B1C74
:10F76C0000F03DF8241817E0732B17D12B1D0593CF
:10F77C002B68181C049300F0CFF8051EB54200D975
:10F78C00351C029A2B19934200D9151B3819049970
:10F79C002A1C00F08FF86419059D0CE0FEE7002B85
:10F7AC0004D001323B550392013404E0029A944296
:10F7BC0007D03B5505E0029B9C4201D8039A61E7B8
:10F7CC00FEE7201C09B0F0BD0CB407B504AB04CBAC
:10F7DC000193FFF751FF03B008BC02B01847F0B516
:10F7EC0085B000930AAB1B78041C5BB20D1C161E73
:10F7FC00039305D130224318013B1A702F3A2DE0A8
:10F80C00009B5B0802934B1EC718009B102B03D167
:10F81C000F213140360916E00196002E09DA7308E3
:10F82C000299181C019302F0D5F80299061C019854
:10F83C0006E0301C009902F0CDF80099061C0198E6
:10F84C0002F0AEF989B2EA1BA218092901D83031AD
:10F85C0000E057313970013F002ED6D1039B002BAD
:10F86C0007D0AA4205D2AA1A201C191C00F02BF8AA
:10F87C000AE0AA4208D0AD1AA3189C4203D0615DDD
:10F88C0021700134F9E7151C281C05B0F0BD08B532
:10F89C0000F04CF808BD30B50024944208D0035D4C
:10F8AC00651C0C5DA34201D0181B02E02C1CF4E774
:10F8BC00002030BD002310B5934203D0CC5CC4545F
:10F8CC000133F9E710BD031C8218934202D0197062
:10F8DC000133FAE77047021CC9B21378002B03D02E
:10F8EC008B4204D00132F8E7181C002900D1101CFF
:10F8FC0070470023CA5CC2540133002AFAD1704706
:10F90C000378002B05D00A78934202D101300131E3
:10F91C00F6E70878181A7047031C00229A56002A3A
:10F92C0001D00133F9E7181A704700000121134B7D
:10F93C001A680A431A605868114A02405A601868DB
:10F94C00104A02401A6018680F4A02401A60586840
:10F95C000E4A02400F205A60DA6A8243DA62186B50
:10F96C000B4A024080201A631A6B02431A635A6BCB
:10F97C008A435A6300229A607047C04600100240C6
:10F98C000CB8FF08FFFFF6FEFFFFFBFFFFFFC0FFF9
:10F99C006CFEFFFF162330B597B00A93063B0E930F
:10F9AC00109380231B021393A023012402259B0395
:10F9BC000AA80C940D940F9412951493159400F0BE
:10F9CC004FFA002800D0FEE7072303900490211C77
:10F9DC0001A80193029500F07BFC002800D0FEE703
:10F9EC0080235B020593802305A85B00069300F03F
:10F9FC001BFD041E00D0FEE78021221CC90400F070
:10FA0C0011FC00F0F9FCFA21890001F053FF00F021
:10FA1C00CFF9042000F0E6F90120211C4042221C01
:10FA2C0000F08AF917B030BDF0B58BB000F0FAF9E0
:10FA3C00FFF7B0FF80229E4B120359690126114338
:10FA4C005961596905AC0A400092009A80225969A3
:10FA5C00D20311435961596996480A400192019A9F
:10FA6C0080225969920211435961596900250A4053
:10FA7C000292029A80225969D202114359615B6940
:10FA8C00211C1A400392039B80239B0105938A4BF4
:10FA9C00A660636000F056FD9020884B884FC0052F
:10FAAC00211C05936660A560E56000F04BFD854860
:10FABC00211C05976660A560E56000F043FD824B54
:10FACC008048211C05936560A56000F03BFD8023F8
:10FADC0090205B000593C005FE3B211C6360A56074
:10FAEC00E560256100F02EFDC02390201B010593DD
:10FAFC00764BC005211C6360A66000F023FD8023BB
:10FB0C0090201B02C005211C05936560A56000F0C8
:10FB1C0019FDFC239B000593674B6A48211C63600D
:10FB2C00A66000F00FFD90206949C0052A1C00F06A
:10FB3C00B9FD90209C21C0058900321C00F0B2FD5B
:10FB4C00391C60482A1C00F0ADFD0720291C2A1C1A
:10FB5C0000F0F2F8072000F021F95E4F5E4B381CE4
:10FB6C003B6004237B61C223FF337D60BD60FD607D
:10FB7C003E61BD61FD613D627D62BB62FD623D63C4
:10FB8C007E6301F083F9A84200D0FEE709230593B8
:10FB9C0080235B0163608023381C5B05211CA36000
:10FBAC0001F018FA002800D0FEE74C4B4C4A1871B3
:10FBBC00587158619861181C1A601E6201F038F96E
:10FBCC00002800D0FEE7474D474BA8602B60474B01
:10FBDC0028616861A861E8612862281C6B60EE608E
:10FBEC0001F0B4FB011E00D0FEE7281C01F0FEFD65
:10FBFC00002800D0FEE73E4B3E4A0C251A60E1225D
:10FC0C0098601202D86018619861D86118625862C5
:10FC1C00181C5A605D6100F057FE002800D0FEE70A
:10FC2C00354B364A98601A60E122D860520218614E
:10FC3C009861D86118625862181C5A605D6100F0B6
:10FC4C0043FE002800D0FEE72D4D2E4B68602B6044
:10FC5C007F232861AB6068618033A861281CEB604E
:10FC6C0000F042FF002800D0FEE720706070A0700A
:10FC7C00E0602061211C281C321C00F089FF002848
:10FC8C0000D0FEE704A9C870321C281C0E704E7000
:10FC9C008E7000F0F1FF002800D0FEE7281C002138
:10FCAC00042201F04FF8002800D0FEE70BB0F0BDA5
:10FCBC00001002400008004800003110F312000050
:10FCCC00091000000004004804800000000011101E
:10FCDC008310000014140020002401401413002091
:10FCEC000030024038130020005800401A09102040
:10FCFC00A413002000440040A4120020004800403F
:10FD0C008413002000280040074BDA691206FBD54B
:10FD1C0082B21A850A2805D1DA691206FCD50D22A1
:10FD2C00014B1A857047C0460048004010B5041CB2
:10FD3C00FFF7EAFF201C10BD70B58901002815DA09
:10FD4C000F23C0B20340083B124A9B0803249B00BC
:10FD5C009B18FF222040A040141C8440DD691140F8
:10FD6C00A54381402A1C0A43DA6112E084080A4B3D
:10FD7C000326A400E418FF233040B0401E1CC0250D
:10FD8C008640AD0062591940B2438140131C0B43AD
:10FD9C00635170BD00ED00E000E100E01F2318404E
:10FDAC001E3B8340181C014B1860704700E100E0BB
:10FDBC00094A431E012093420DD8C020074A084926
:10FDCC0053600B6A00061B021B0A03430B620020E4
:10FDDC000723906013607047FFFFFF0010E000E006
:10FDEC0000ED00E0054B1A68042802D1104318609E
:10FDFC0002E004218A431A607047C04610E000E01C
:10FE0C0010B5041C00F0F8FAFA21890001F052FD3B
:10FE1C00FFF7CEFF0120211C40420022FFF78CFF90
:10FE2C00002010BD1021064A08B5136800200B43B2
:10FE3C001360FFF7E5FFFBF7DDFE002008BDC046B1
:10FE4C0000200240024A1368013313607047C04619
:10FE5C0060140020014B18687047C04660140020E5
:10FE6C00F0B5036885B0051CDB0703D42B689B0732
:10FE7C0055D49EE00C23B54C62681A40042A0BD072
:10FE8C0062681340082B0FD1C02362685B021340D9
:10FE9C0080225202934207D123689B03E6D56B68FC
:10FEAC00002BE3D10120B3E16B68012B14D0002BA4
:10FEBC000BD12268A64B134023602268A54B13403C
:10FECC002360FFF7C7FF061C25E0052B09D1802214
:10FEDC002368D20213432360802223685202134307
:10FEEC0006E022689A4B134023602268994B13401A
:10FEFC002360FFF7AFFF061C23689B03B6D4FFF704
:10FF0C00A9FF801B6428F7D9032081E1FFF7A2FF2A
:10FF1C00801B6428F8D823689B03F7D4A6E70C232E
:10FF2C008A4C62681A420BD062681340082B15D1B8
:10FF3C00C02362685B0213408022120293420DD1EF
:10FF4C0023689B0702D5EB68012BABD1F821236802
:10FF5C002A698B43D200134323602AE0EB68012209
:10FF6C00002B17D0236813432360FFF773FF061C85
:10FF7C00236876499B0705D4FFF76CFF801B02288A
:10FF8C00F6D9C1E7F8200B682A698343D2001343E2
:10FF9C000B600EE0236893432360FFF75BFF061CA6
:10FFAC0023689B0705D5FFF755FF801B0228F7D95F
:10FFBC00AAE72B681B0703D42B685B0723D47DE0CF
:10FFCC00EB690122614C002B0ED0636A1343636210
:10FFDC00FFF740FF061C636A9B07EDD4FFF73AFF5F
:10FFEC00801B0228F7D98FE7636A93436362FFF79C
:04FFFC0031FF061CAF
:020000040801F1
:10000000636A9B07DED5FFF72BFF801B0228F7D919
:1000100080E78023504C5B05E26900271A4207D134
:10002000E26901371A43E261E26913400393039BDB
:1000300080224C4E52003368134205D0AB68012B2E
:1000400012D1226A13432DE0336813433360FFF764
:1000500007FF01903368DB05F0D4FFF701FF019B38
:10006000C01A6428F6D955E70122002B0AD1236A69
:1000700093432362236A033293432362FFF7F0FE24
:10008000061C18E0052B07D10421236A0B432362C9
:10009000236A1A432262B3E0236A93430422236251
:1000A000236A93432362ABE0FFF7DAFE2E4B801BFB
:1000B000984200D92EE7236A9B07F5D4012F03D17C
:1000C000E2692A4B1340E3612B68DB063FD56A697E
:1000D000214C0423012A1AD1616B0B436363636BC8
:1000E0001A436263FFF7BCFE061C636B1A499B0749
:1000F00005D4FFF7B5FE801B0228F6D90AE7F820E1
:100100004B6BAA698343D20013434B631FE0053254
:100110000AD1F821626B9A436263636BAA698B43CD
:10012000D2001343636312E0626B134301226363E3
:10013000636B93436363FFF793FE061C636B9B073C
:1001400005D5FFF78DFE801B0228F7D9E2E62A6A63
:10015000002A0DD1002061E000100240FFFFFEFFE9
:10016000FFFFFBFF0070004088130000FFFFFFEF60
:100170000C232B4C012061680B40082B4ED0294BDF
:10018000022A2ED1226813402360FFF769FE061C65
:100190002268234B920105D5FFF762FE801B0228DF
:1001A000F6D9B7E60F21DA6A8A43E96A0A43DA62C6
:1001B000A96A686A5A6808431B490A4080210243B9
:1001C0005A601A6849040A431A60FFF749FE051C81
:1001D00023689B01BED4FFF743FE401B0228F7D9DA
:1001E00098E6226813402360FFF73AFE051C236857
:1001F0009B01AFD5FFF734FE401B0228F7D989E6F3
:10020000FFF72EFE061C236A9B0700D556E7FFF773
:1002100027FE064B801B9842F5D97BE605B0F0BD62
:1002200000100240FFFFFFFEFF7FC2FF88130000A7
:1002300070B586B00D1C161C01A800211422FFF712
:1002400048FB0223029301330493FD33019380237F
:1002500090200A4C9B026269C0051A436261626980
:1002600001A913400093009B00F072F96268044BEF
:100270001A4032432A43626006B070BD001002404B
:10028000FFFFFF8030B5124C89B0211C1022684658
:10029000FFF716FB211C04AD10221031281CFFF7BC
:1002A0000FFB0C230B4A54682340082B0CD1D26A55
:1002B00007331340E95C084801F002FB6B46A402D7
:1002C000240F1B5D584300E0034809B030BDC04611
:1002D000285901080010024000127A000123F7B5E6
:1002E000424E32681A4091420AD80268930711D5EB
:1002F000F0253F4C6368AB4385682B43636009E09E
:1003000032689A430A433260326813408B42ECD021
:10031000012069E00191041CD30707D4012331684F
:100320000198324A1940884240D345E0304D436835
:100330002A68012B02D1920307D4E9E7022B02D1EC
:10034000920102D4E4E79207E2D503216A688A4366
:1003500013436B60FFF784FD6368071C012B0CD10E
:100360000C236A681340042BD8D0FFF779FD214B8A
:10037000C01B9842F4D9032036E0022B11D10C2384
:100380006A681340082BC9D0FFF76AFD194BC01BE0
:100390009842F4D9EFE7FFF763FD164BC01B984274
:1003A000E9D80C236A681A42F5D1B7E71168994376
:1003B000116012681A42ABD123680D4D5B0705D559
:1003C0006A680D4B1340E26813436B60FFF75AFFF6
:1003D0006B680A4A1B061B0FD35CD840084B186099
:1003E0000020FFF713FD0020FEBDC04600200240A4
:1003F0000010024088130000FFF8FFFF10590108A9
:1004000040020020014B18687047C046400200209F
:10041000054B064A5B685B055B0FD05C044B1B68B1
:10042000C340181C7047C046001002402059010804
:1004300040020020F0B5036885B0051CDB035CD5E5
:10044000802300213C4C5B05E26901911A4208D1EE
:10045000E2691A43E261E26913400393039B0123BB
:1004600001938022354E52003368134207D0C022D8
:10047000216A9200304B1140314E10D113E03368A5
:1004800013433360FFF7ECFC071C3368DB05EED445
:10049000FFF7E6FCC01B6428F7D903204AE0686830
:1004A000024091420DD1236A234A1E406B681E43CD
:1004B000019B2662012B20D1D169224B0B40D361D5
:1004C0001BE08027196A1A6A081C7F023A431A62E5
:1004D0001F6A1D4A30403A401A621862CB07E2D5C3
:1004E000FFF7BEFC071C236A9B07DCD4FFF7B8FCB0
:1004F000164BC01B9842F6D9CFE72B68DA0706D512
:1005000003200D490A6B8243A86802430A639A06D6
:1005100006D5102008490A6B8243E86802430A6343
:1005200000209B0306D5802203490B6B93432A6965
:1005300013430B6305B0F0BD001002400070004093
:10054000FFFCFFFFFFFFFFEFFFFFFEFF8813000030
:10055000F0B50B6887B0029300230191029ADA404C
:1005600000D196E001229A4003920399029A0A4030
:10057000009200D18BE0019A10245268171CA74307
:10058000022F0ED107250F211D40AD00A940DC0828
:10059000A4000419266A8E4301990969A9400E43F3
:1005A00026620324251C5E00B5401440ED43B44090
:1005B0000168013F29400C430460012F0ED80199C6
:1005C0008768CC682F40B4403C438460D406E40F75
:1005D0009C40476803998F433C4344600199C46839
:1005E00089682540B1400D43C560D1004FD5012633
:1005F000294C2A49A5693543A5619D08AD006D18B0
:1006000003210F1C1F408C46B9000F278F40A4699F
:1006100034400594059CAC68BC4390270394FF05C7
:100620000024B8420CD0341C1D4EB04208D01D4EE0
:100630002419B04204D01C4E6446B04200D00234AB
:100640008C4003990C430099AC600E1C174CCD43B1
:1006500027683E43D10301D43E1C2E4026606768C4
:10066000009E3E43910301D43E1C2E406660A76865
:10067000009E3E43D10201D43E1C2E40A660E66897
:10068000009F3743920201D42E40371CE7600133AC
:1006900064E707B0F0BDC046001002400000014012
:1006A0000004004800080048000C00480004014015
:1006B000002A01D0816100E08162704770B5041C9E
:1006C0000568C169A26800692B6810436269424EDF
:1006D0001043424A0843134003432B606A68404B6F
:1006E000206A1340E2681343A2696B60AB68104351
:1006F0003C4A13400343AB6080231B02B54208D140
:10070000394A106B032202403848805C99423AD142
:1007100009E0374A95420FD0364A95420CD0364A06
:10072000954223D108E0082822D801F0B5F8072126
:100730000A210E212121140099422DD1FFF768FED4
:1007400005E0636858082D4B09E0FFF79BFD6368DF
:1007500040005B0803E06368580880235B02C01810
:10076000616801F0ADF883B2002003E0994231D115
:10077000012000230F221D1C1340954321685B10AC
:100780002B43CB6027E0082824D801F085F8052307
:100790000F23132323231800FFF73AFE61684B0849
:1007A000C01801F08DF880B2E86011E06168144B68
:1007B000480808E0FFF766FD61684B0803E0802306
:1007C00061681B024808C01801F07AF880B2F06036
:1007D000002000E0012070BD00380140F369FFEF08
:1007E000FFCFFFFFFFF4FFFF001002404859010850
:1007F0000044004000480040004C00400024F40049
:1008000000127A00436A30B5DA0706D50168284A33
:100810004C682240846A22434A609A0706D50168E0
:10082000244A4C682240C46A22434A605A0706D5CB
:100830000168214A4C682240046B22434A601A072F
:1008400006D501681D4A4C682240446B22434A6029
:10085000DA0606D501681A4A8C682240846B224366
:100860008A609A0606D50168164A8C682240C46BD5
:1008700022438A605A0610D50168134A4D68046CF9
:100880002A4022434A6080225203944205D14C6898
:100890000E4A2240446C22434A601B0606D501687A
:1008A0000B4B4A681340826C13434B6030BDC0460B
:1008B000FFFFFDFFFFFFFEFFFFFFFBFFFF7FFFFFCF
:1008C000FFEFFFFFFFDFFFFFFFFFEFFFFFFF9FFFD8
:1008D000FFFFF7FF38B5002801D1012033E0051CE8
:1008E00069352B78041CDBB2002B04D1021C683262
:1008F0001370FBF719FA2423012122682B70136867
:10090000201C8B431360FFF7D9FE0128E5D0636AF2
:10091000002B02D0201CFFF775FF23680A4A596894
:1009200000200A4008215A609A688A439A601A682F
:1009300007390A431A60221C2023E0666A326834B1
:100940002B701370207038BDFFF7FFFF10210C4B88
:1009500030B5D8680022084205D002240948C2698F
:100960002243C2610A1C0420D968014205D0012536
:10097000044C0243E1692943E161DA6030BDC046BD
:10098000002002406814002038B5041CFFF768FA04
:10099000051C104BDA68D2070BD5631CF9D0002C6C
:1009A00001D1032015E0FFF75BFA401BA042F0D90C
:1009B000F7E72022D968114200D0DA60D868102306
:1009C000184003D1034BDB685B0702D5FFF7BEFF7E
:1009D000012038BD00200240F0B51F1C1F4B161C23
:1009E0001A7E051C85B00220012A34D001221C4841
:1009F0000296039701911A76FFF7C6FF041E26D1CF
:100A00002F1E012F02D0022D00D004270025EBB2AB
:100A1000BB421CD2029803992A0101F0D3F80022AC
:100A20000E4B104EDA61336901321343019A336180
:100A30006B009B1880B218800948FFF7A5FF0122C0
:100A40003369AD18934333610028E0D0041C0022C1
:100A5000201C024B1A7605B0F0BDC0466814002079
:100A600050C300000020024000220221054BDA6141
:100A7000054B1A690A431A6158611A693E310A43E3
:100A80001A6170476814002000200240A02102680B
:100A900038B5D368041C8B43D360FFF7E1F9051C1C
:100AA0002368DB689B0608D4FFF7DAF9FA23401BBA
:100AB0009B009842F4D9032000E0002038BD38B5EF
:100AC0000368DA68520601D5002012E00122524282
:100AD000DA60041CFFF7C4F9051C2368DB685B06B9
:100AE000F2D4FFF7BDF9FA22431B92009342F4D9E6
:100AF000032038BD10B5041C0120002C3DD0637FBD
:100B0000DBB2002B03D12377201CFBF7F5F802237F
:100B1000CA2263772368201C5A62773A5A62FFF729
:100B2000CEFF2368002805D0FF225A62042301204B
:100B3000637722E09968114A0A409A609A6861686E
:100B40000A4321690A4361690A439A60E268A1681D
:100B50001A611A6909040A4380211A61DA688A4312
:100B6000DA60196C064A0A401A641A6CA1690A43D1
:100B70001A64FF225A620123637710BDBFFF8FFF03
:100B8000FFFFFBFF0023092803D90A380133C0B255
:100B9000F9E71B011843C0B2704700000223F7B504
:100BA000047F1F1C012C67D00D1C012143770368B3
:100BB00001779B683F31041C6E782878AF780B4032
:100BC000002A15D1002B00D1EB70FFF7DBFF01905D
:100BD000301CFFF7D7FF061C381CFFF7D3FFEB785C
:100BE00036021B041843019B1F043843064309E0E7
:100BF000002B00D1EB700004360206433743EE7839
:100C000036043E43CA222368201C5A62773A5A624D
:100C1000FFF755FF2368071E06D0FF225A62042300
:100C20006377002323771EE01448154A06401E60B0
:100C300099680A409A609A68E9680A4329690A43F0
:100C400080219A60DA688A43DA609B689B060CD43C
:100C5000201CFFF71BFF002807D0FF2223685A62E1
:100C6000042327776377012706E0FF2223685A626F
:100C70000123637700232377381CFEBD7F7F7F002D
:100C8000FFFFFBFF0223F7B5047F1E1C012C5AD087
:100C90000D1C012143770177041C6B78E878AF784D
:100CA0002E78002A48D11032134203D093431A1CE5
:100CB0000A326A70FFF766FF01906878FFF762FFFB
:100CC000051C381CFFF75EFF019B770307431E04DA
:100CD0003E432F023743CA222368201C5A62773AC8
:100CE0005A62FFF7ECFE2268061E06D0FF2353620D
:100CF000FB3B63770023237714E08021134B1F40D5
:100D00005760D3688B43D36093689B060CD4201C38
:100D1000FFF7BCFE002807D0FF2223685A62042395
:100D20002677637701260EE0FF2223685A620123AB
:100D300063770023237706E000041B0203431F436D
:100D400075032F43C7E7301CFEBDC0463FFFFF00C1
:100D5000F7B50225047F2B1C012C66D00192CA2214
:100D6000013B0377036845775A62773A5A629B687A
:100D70000E1C041C5B050DD422682D4B91680B40A2
:100D80009360D3682B49DBB20B43D360FFF768F85D
:100D9000071C15E0FFF764F8051C2368DB685B0798
:100DA000EAD5FFF75DF8FA23401B9B009842F4D97F
:100DB000FF2223685A62032300226377227734E0FC
:100DC00004222368DD6815400DD1FFF749F8FA23A6
:100DD000C01B9B009842F3D9FF2223685A62032369
:100DE0002577637721E0072180255E619A686D038E
:100DF0008A439A609A68019911430F4A9960106872
:100E00002843106091682943916080219A68C90144
:100E10000A4380219A609A68C9000A439A60FF22B7
:100E20005A620123637700232377181CFEBDC04656
:100E3000FFFBFFFF7FFBFFFF0004014010B5002810
:100E400001D1012024E0437F041CDBB2002B02D13E
:100E50000377FAF717FF0223201C637700F019F8D5
:100E60000028EED162792368002A01D1013A00E01E
:100E7000226960211A619A688A4361690A43802164
:100E80009A609A688A43A1690A439A60012363774A
:100E900010BD002070470000F8B50123002800D1E4
:100EA00095E0436C041C002B05D1021C4032836486
:100EB0001370FAF7C5FE636CDB0675D40422236851
:100EC0009868104070D1616C424A0A4002210A437E
:100ED0006264032299680A40012A6BD119681142A1
:100EE00002D1DA68120465D5D9683B4A266A0A40FD
:100EF000DA60A26977039103E269D2031143626B5E
:100F0000551E6A1E9541E2682D030A4321693A4342
:100F1000022900D10420216B49000A432A43656A53
:100F20000243012D0CD1002E03D1802149020A4336
:100F300006E02021606C08436064A16C2943A16431
:100F4000C220A16AFF30814202D0E06A01430A4315
:100F5000D968A56B1143D960802149058D4202D023
:100F6000691E062907D807215869884358615869BE
:100F7000294001435961D968184B0B40934208D16D
:100F800000230321A364626C8A4302390A4362642A
:100F90001DE01222636C9343023A134363640123FE
:100FA000A26C1A43A26412E01022636C13436364C0
:100FB00001230CE01821DA688A43A1680A43DA6049
:100FC0001969626889008908114319618CE7181C46
:100FD000F8BDC046FDFEFFFF1902FEFFE7FF3F839D
:100FE000F7B50023041C019340342278866B02334A
:100FF000012A5AD00268013B956823706D074ED4D0
:101000002B484F680D68874236D0AB40976A3B4308
:10101000936280235B059E420FD0013E062E0CD9C1
:101020000723886851691940884206D0516999435D
:101030005161516903400B4353612B1C103B012B41
:101040002BD81C4B80211A68102D01D0C90300E059
:1010500009040A431A60102D1FD1174B174918684D
:1010600000F02EFC0A2358430190019B002B14D062
:10107000019B013B0193F8E7AB40916A99432B1C1C
:10108000103B9162012B08D80A4B1968102D01D032
:101090000B4A00E00B4A0A401A60002303E02021BB
:1010A000426C0A43426400222270181CFEBDC046F6
:1010B00001100000082701404002002040420F00BC
:1010C000FFFFBFFFFFFF7FFF03689A69920701D50B
:1010D00000229A6201219A690A4202D19A690A435E
:1010E0009A61704730B50468064D606889052840EC
:1010F000039D890D284303430B431204134363608C
:1011000030BDC046009800FCF8B5041C0E1C171C2E
:101110001D1C2268936933409B1B59424B41BB42C3
:1011200016D16B1CF6D0002D0BD1231C202241338D
:101130001A70221C002342324034137003202370A3
:1011400007E0FEF78DFE069BC01AA842E1D9ECE746
:101150000020F8BDF8B50368041C986910230D1C25
:10116000161C184031D0236820279A693A4215D1BD
:101170006A1CF9D0002D0BD1231C202241331A7098
:10118000221C0023423240341370032023701CE0E1
:10119000FEF766FE801BA842E5D9EDE71022201C71
:1011A000DA61DF61FFF790FF2268084B5168012088
:1011B0000B40536004236364231C221C41331F70C3
:1011C00000234232403413702370F8BD00E800FE63
:1011D00070B5041C0D1C161C23689B699B071FD44B
:1011E000201C291C321CFFF7B5FF00281AD16B1CEC
:1011F000F2D0002D0ED12022636C032013436364D0
:10120000231C41331A70221C0023423240341370D5
:10121000237008E0FEF724FE801BA842DCD9EAE731
:10122000002000E0012070BD73B5151C1E1CDAB251
:101230008023041C9B0100930023FFF753FF201C15
:101240000699079AFFF7C4FF002804D0636C0120B9
:10125000042B19D119E02368012E09D02A0A9A62B9
:10126000201C0699079AFFF7B3FF0028EED12368E8
:10127000EDB29D62079B201C009340210022069B3B
:10128000FFF742FF002800D0032076BD70B5041C94
:101290000D1C161C23689B699B061DD4201C291C51
:1012A000321CFFF757FF002818D1002D0ED1202245
:1012B000636C032013436364231C41331A70221CA4
:1012C0000023423240341370237008E0FEF7C8FD5B
:1012D000801BA842DED9EAE7002000E0012070BDB3
:1012E00070B5041C0D1C161C23689B695B072CD46D
:1012F000201C291C321CFFF72DFF002827D120229B
:101300002368996911420CD0DA615D68114929405E
:101310005960231C6064413340341A705870207047
:1013200015E0002D0BD12022636C0320134363646E
:10133000231C41331A7000234034237008E0FEF769
:101340008FFD801BA842CFD9EDE7002000E00120EF
:1013500070BDC04600E800FE70B5041C0120002CE2
:101360004AD0251C41352B78DBB2002B05D1221C3D
:1013700040321370201CFAF799FC242301212B70B2
:1013800023681A688A431A6061681C4A0A401A6115
:1013900098681B4A10409860E068111CA2680128F8
:1013A00004D18020000202439A6008E084263602BD
:1013B00032439A60022802D1802212015A605A6890
:1013C000104802435A60DA6800200A40DA60616916
:1013D00022691143A26912020A43DA60E169226AB2
:1013E0000A4301211A601A680A431A6020236064C4
:1013F0002B7020634234207070BDC046FFFFFFF0A9
:10140000FF7FFFFF00800002F0B587B00593031C4B
:101410004133049203931B78041C0E1C0220202BE2
:1014200000D084E0231C40331A78012A00D17EE0EA
:1014300001271F70FEF714FD8021051C0090090292
:10144000201C3A1C1923FFF75FFE00283AD1212304
:10145000271C039A42371370113B3B70049B606456
:1014600063626B469B8A606363858023628D9B0108
:10147000FF2A03D9FF222285009336E0628D92B2C3
:101480002285D2B200933AE0636A2268591C6162F5
:101490001B789362638D228D013B013A9BB292B21D
:1014A00063852285002A0FD0638D201C0C992A1C8D
:1014B000002B2BD0FFF78CFE0028E5D0636C0120B9
:1014C000042B34D0032032E0638D002BECD0009548
:1014D000201C80210C9BFFF717FE0028F2D1638DA2
:1014E000FF2B07D9FF22228500908023201C311C6E
:1014F0005B0408E0628D92B22285D2B20090802314
:10150000201C311C9B04FFF7EDFDCDE7FFF7BEFE6D
:101510000028D3D120212368064AD9615D682A407A
:101520005A60231C4034413319703870207007B062
:10153000F0BDC04600E800FEF0B587B00593031C7F
:101540004133049203931B78041C0E1C0220202BB1
:1015500000D084E0231C40331A78012A00D17EE0B9
:1015600001271F70FEF77CFC8021051C00900902FA
:10157000201C3A1C1923FFF7C7FD00283AD122236B
:10158000271C039A42371370123B3B70049B606424
:1015900063626B469B8A606363859023628D9B01C7
:1015A000FF2A03D9FF222285009336E0628D92B292
:1015B0002285D2B200933AE0636A5A1C62622268C2
:1015C000526A1A70228D638D013A013B92B29BB22E
:1015D00022856385002A0FD0638D201C0C992A1C5C
:1015E000002B2BD0FFF77CFE0028E5D0636C012098
:1015F000042B34D0032032E0638D002BECD0009517
:10160000201C80210C9BFFF77FFD0028F2D1638D09
:10161000FF2B07D9FF22228500908023201C311C3C
:101620005B0408E0628D92B22285D2B200908023E2
:10163000201C311C9B04FFF755FDCDE7FFF726FE6C
:101640000028D3D120212368064AD9615D682A4049
:101650005A60231C4034413319703870207007B031
:10166000F0BDC04600E800FEF0B589B007930EABB0
:10167000069204CB041C1B880E1C0493031C4133EC
:1016800005931B780220202B00D0B0E0002A3AD02E
:10169000049B002B37D0231C403303931B78012B72
:1016A00000D1A4E00122039B1A70FEF7D9FB802130
:1016B0000090051C0902201C01221923FFF724FDBC
:1016C000071E00D083E02223059A311C1370231CCF
:1016D000423305934023059A13700E9B6064636246
:1016E0006B461B8A60636385109B01950093201CE9
:1016F000069A079BFFF798FD002809D0636C042B1E
:1017000003D1039B1F70012071E0039B1F705EE0FB
:101710009023628D9B01FF2A07D9FF222285009327
:101720008023201C311C5B0408E0628D201C92B2D7
:10173000228500938023311CD2B29B04FFF7D2FC98
:101740000095201C04210022109BFFF7DDFC0028DF
:101750003DD1636A5A1C62622268526A1A70228DF5
:10176000638D013A013B92B29BB222856385002AC8
:1017700020D1638D002B1DD00095201C8021109B53
:10178000FFF7C2FC002822D1638DFF2B07D9FF226F
:1017900080232285311C00905B04201C08E0628DB0
:1017A000802392B22285311C0090201CD2B29B046F
:1017B000FFF798FC638D002BC2D1201C10992A1CC6
:1017C000FFF764FD002804D0636C042B9BD003203A
:1017D0000DE020212368074AD9615D682A405A60DC
:1017E000231C41331970059B40341870207009B0D8
:1017F000F0BDC04600E800FEF0B5041C413422787C
:10180000031CD2B20220202A18D11D1C40352E788C
:10181000012E13D001271B68223020701868B843AE
:1018200018601E68064806401E6018680843186065
:10183000002019683943196022702870F0BDC04635
:10184000FFEFFFFF08B5002303480B600E21FDF7F3
:1018500005FF0020002108BD4C59010800207047F9
:1018600008B500F00BF8000008B50348FDF7C4FE0A
:101870000120FFF7F5FFC0465B590108BFF34F8F0A
:10188000034A044BDA60BFF34F8FC046FDE7C04602
:101890000400FA0500ED00E002B471464908490071
:1018A000095C49008E4402BC7047C04603B47146CF
:1018B000490840004900095A49008E4403BC70475A
:1018C000002243088B4274D303098B425FD3030A7F
:1018D0008B4244D3030B8B4228D3030C8B420DD392
:1018E000FF22090212BA030C8B4202D31212090220
:1018F00065D0030B8B4219D300E0090AC30B8B425E
:1019000001D3CB03C01A5241830B8B4201D38B030B
:10191000C01A5241430B8B4201D34B03C01A5241B0
:10192000030B8B4201D30B03C01A5241C30A8B42F3
:1019300001D3CB02C01A5241830A8B4201D38B02DE
:10194000C01A5241430A8B4201D34B02C01A524182
:10195000030A8B4201D30B02C01A5241CDD2C309F4
:101960008B4201D3CB01C01A524183098B4201D370
:101970008B01C01A524143098B4201D34B01C01A5B
:10198000524103098B4201D30B01C01A5241C308D3
:101990008B4201D3CB00C01A524183088B4201D342
:1019A0008B00C01A524143088B4201D34B00C01A2E
:1019B0005241411A00D20146524110467047FFE79A
:1019C00001B5002000F0FCF802BDC0460029F7D0A8
:1019D00003B5FFF775FF0EBC4243891A1847C0468E
:1019E00003460B437FD4002243088B4274D3030980
:1019F0008B425FD3030A8B4244D3030B8B4228D321
:101A0000030C8B420DD3FF22090212BA030C8B4246
:101A100002D31212090265D0030B8B4219D300E0E6
:101A2000090AC30B8B4201D3CB03C01A5241830B6B
:101A30008B4201D38B03C01A5241430B8B4201D31B
:101A40004B03C01A5241030B8B4201D30B03C01A44
:101A50005241C30A8B4201D3CB02C01A5241830ABE
:101A60008B4201D38B02C01A5241430A8B4201D3ED
:101A70004B02C01A5241030A8B4201D30B02C01A17
:101A80005241CDD2C3098B4201D3CB01C01A52417E
:101A900083098B4201D38B01C01A524143098B4207
:101AA00001D34B01C01A524103098B4201D30B01F0
:101AB000C01A5241C3088B4201D3CB00C01A524115
:101AC00083088B4201D38B00C01A524143088B42DA
:101AD00001D34B00C01A5241411A00D20146524173
:101AE000104670475DE0CA0F00D04942031000D392
:101AF0004042534000229C4603098B422DD3030AE7
:101B00008B4212D3FC22890112BA030A8B420CD3F6
:101B1000890192118B4208D3890192118B4204D31F
:101B200089013AD0921100E08909C3098B4201D39F
:101B3000CB01C01A524183098B4201D38B01C01AD9
:101B4000524143098B4201D34B01C01A5241030950
:101B50008B4201D30B01C01A5241C3088B4201D3FF
:101B6000CB00C01A524183088B4201D38B00C01AAC
:101B70005241D9D243088B4201D34B00C01A524183
:101B8000411A00D20146634652415B10104601D310
:101B90004042002B00D54942704763465B1000D39A
:101BA000404201B5002000F00BF802BD0029F8D03A
:101BB00003B5FFF715FF0EBC4243891A1847C0460C
:101BC0007047C046D0400B1CD1409C46203AD340C1
:101BD0001843524263469340184370478446101C92
:101BE00062468C46191C634600E0C0461FB501F0F2
:101BF000F7F9002801D40021C8421FBD10B501F03B
:101C00003BF94042013010BD10B501F0E9F9002860
:101C100001DB002010BD012010BDC04610B501F051
:101C2000DFF9002801DD002010BD012010BDC046F5
:101C300010B501F065F9002801DC002010BD01207D
:101C400010BDC04610B501F05BF9002801DA002094
:101C500010BD012010BDC0468446081C6146FFE748
:101C60001FB500F03FFA002801D40021C8421FBD73
:101C700010B500F0C3F94042013010BD10B500F0BE
:101C800031FA002801DB002010BD012010BDC04644
:101C900010B500F027FA002801DD002010BD01205A
:101CA00010BDC04610B500F0D3F9002801DC0020BB
:101CB00010BD012010BDC04610B500F0C9F90028C4
:101CC00001DA002010BD012010BDC046F0B54F461E
:101CD000464605042D0C2C1CC0B41704160C3F0CF2
:101CE0009946030C7C4375435F4373437D19260C6F
:101CF000AD199C46AF4203D980235B029846C44489
:101D00004B465143434324042E0C240C2D046644BB
:101D10002C1959188919201C0CBC90469946F0BD05
:101D20009E2110B5C905041CFFF7C6FF002803D18A
:101D3000201C00F0CDFC10BD9E21201CC90500F028
:101D400049FB00F0C5FC80231B069C466044F2E77B
:101D500038B500220C4B041C0D1CFFF773FF002844
:101D600004D1201C291C01F0B5FF38BD064B002210
:101D7000201C291C01F034FC01F0ACFF80231B0661
:101D80009C466044F1E7C0460000E041F0B556468D
:101D90004D465F464446F0B443024500C70F83B04A
:101DA0008A465C0A2E0EB94641D0FF2E26D08023EB
:101DB0001B042343DC00002398469B467F3E53468A
:101DC0005B025D0A53465A00DB0F120E9A4639D069
:101DD000FF2A33D080231B042B43DD0000237F3AEE
:101DE0005146B21A46467940081C01921E430F2EF6
:101DF00000D976E07E4AB6009659B746002C30D11D
:101E000008239846063B9B46D9E780230021DB0345
:101E1000FF245B02E4055B0AC90723430B43181C3C
:101E200003B03CBC90469946A246AB46F0BD002CA0
:101E300028D104239846033B9B46C0E7002D1FD1C1
:101E4000022302E0002D11D10123B21A504646466A
:101E5000784001921E430F2E27D86649B600895953
:101E60008F460C239846093B9B46A8E7281C02F0A6
:101E7000B9F87622431F52429D40121A0023AFE761
:101E80000323ADE7201C02F0ADF8431F9C407623EE
:101E90005B421E1A002398469B4690E70025D146D8
:101EA0009B465B464846022B6FD10121FF2401402F
:101EB0000023AEE77E23019A5B429B1A1B2B6DDD4C
:101EC00001214B46194000240023A2E78023DB03B5
:101ED0001C4249D18023DB0323435B025B0A391C8C
:101EE00096E763016D01AB4237D389461A20012181
:101EF0005B1B01241E1C49005B00002E01DBAB4272
:101F000001D35B1B214301380028F3D1581E8341C4
:101F10000B431D1C019C7F34002CCBDD6B0704D0D0
:101F20000F232B40042B00D004352B0104D5019A3C
:101F3000314B8032141C1D40FE2C07DD4B46012125
:101F4000FF241940002364E7251CAAE701214A4623
:101F5000AB015B0AE4B211405BE7019A8946013AA2
:101F600001921B200021C4E71D4207D023435B02DE
:101F70005B0A391C4CE700256302ABD58023DB03E9
:101F80002B435B025B0A514642E7032B25D0012B12
:101F9000C0D101210024014000233AE7291CD94087
:101FA0002B1C019A9E3293405D1EAB410B435A0796
:101FB00004D00F221A40042A00D004335A0105D558
:101FC0004B46012101241940002322E701214A4602
:101FD0009B015B0A114000241BE7802301214A4634
:101FE000DB032B435B020A405B0A111C10E7C0466F
:101FF00070590108B0590108FFFFFFF7430270B59F
:1020000042004C005D0AC30F4802120E460A240E1D
:10201000C90FFF2A05D0FF2C08D00120A2420BD007
:1020200070BD0120002DFBD1FF2CF6D10120002E28
:10203000F6D10120A242F3D1B542F1D18B4205D0B5
:10204000002AEDD1281C431E9841E9E70020E7E76C
:10205000F0B543024D024A0044005E0A240EC30F4D
:102060006D0A120EC90FFF2C0DD0FF2A31D0002CA3
:102070000DD177427741002A23D1002D21D10020B4
:10208000002F0BD107E0002E28D1FF2A21D0002AF3
:1020900005D08B4207D0584201231843F0BD002DD4
:1020A000F9D08B42F7D19442F5DC04DBAE42F2D892
:1020B0000020AE42F2D25842434101205B42184315
:1020C000ECE7002FE5D04842414101204942084356
:1020D000E4E7002D02D1002CCBD0DAE70220404209
:1020E000DCE7C0464302F0B542004C005E0AC30F75
:1020F0004802120E450A240EC90FFF2A0FD0FF2CEA
:102100001AD0002A10D177427741002C29D0002F15
:1021100017D0484241410120494208430BE00220C8
:10212000002E08D1FF2C07D0002C0AD1002D08D199
:10213000584201231843F0BD0220002DFBD1002A94
:10214000E1D08B42F4D1A242F2DC04DBAE42EFD804
:102150000020AE42EFD25842434101205B42184377
:10216000E9E7002DD3D10020002FE4D1E0E7C046FD
:10217000F0B55F4656464D464446F0B4450246002B
:10218000C40F83B00F1C6D0A360EA34645D0FF2E38
:1021900025D080231B041D4300239A46ED007F3E7B
:1021A00001937B025B0A98467800FB0F000E99466C
:1021B00040D0FF2838D0802342461B041343DB0065
:1021C000984600237F384A46019F30186240411CE0
:1021D0001F430F2F69D87D4EBF00F659B746002D1B
:1021E00045D108230193063B9A46DAE793465346C6
:1021F000022B2FD15B46012400251C40FF236D02DA
:10220000DB056D0AE4071D432543281C03B03CBCD5
:1022100090469946A246AB46F0BD002D2CD1042332
:102220000193033B9A46BCE743465A42534103227B
:10223000D31AC8E742460123002AC4D0404601F021
:10224000D1FE4246431F9A4076235B42181A9046BD
:102250000023B8E7032B00D1ADE0012B00D08CE0C8
:102260005B4654461C40E4B200230025C7E70C231C
:102270000193093B9A4694E7281C01F0B3FE7626A9
:10228000431F9D4000237642361A01939A4688E701
:1022900080250024ED03FF23B1E74546CB469A464F
:1022A000A5E7454693469A46A1E743462C041B0CF6
:1022B0009C46230C444626041C1C360C2F0C7443ED
:1022C000351C66467D4373437743EB18260C9E19F5
:1022D000B54203D980235B029C466744240433043F
:1022E000240C1B199D016C1EA5419B0E360C2B4323
:1022F000BD19AD011D432B0104D5012368081D4004
:102300000543081C031C7F33002B2CDD690704D018
:102310000F212940042900D00435290103D52C4B75
:102320001D40031C8033FE2B17DD0124FF231440C6
:10233000002564E78020C003054209D043460342DC
:1023400006D1454605436D026D0A4C46FF2356E70C
:1023500005436D026D0AFF2351E70124AD016D0AAB
:10236000DBB214404BE77E235B421B1A1B2B07DDBD
:10237000012400231440002541E7081C5A46C1E708
:102380009E30291C8540D940681E85410D436B074E
:1023900004D00F232B40042B00D004356B0104D54F
:1023A000012401231440002529E70124AD016D0A11
:1023B0001440002323E78023DB031D4301245B46F5
:1023C0006D0223401C1C6D0AFF2318E7F059010819
:1023D000FFFFFFF7F8B54A00430244004D02C00F6B
:1023E000240E061C9B09120EC90FAD09FF2A00D14D
:1023F00075E001277940884250D0A01A002800DCFF
:102400008FE0002A1ED1002D00D075E05A0704D0BD
:102410000F221A40042A00D0043380220120D20463
:102420001A403040002A32D00134FF2C00D184E021
:102430009B015B0AE4B25B02E4055B0A2343C0072D
:102440001843F8BDFF2CE1D08022D20415431B288D
:102450007ADD01255B1B5A015DD59B019F09381C64
:1024600001F0C0FD05388740844269DC001B1F2451
:102470003A1C431C201ADA408740131C7C1EA741DB
:1024800000243B43C2E7131E45D100230020DB0894
:10249000FF2C28D05B025B0AE4B2CCE7A11A00292A
:1024A0005BDD002A2ED0FF2CB0D08022D204154351
:1024B0001B2974DC2F1C2022CF40511A8D40691E2D
:1024C0008D413D435B195A0125D50134FF2C74D051
:1024D00001217E4A194013405B080B4396E7002D0B
:1024E00000D088E785E7002B27D08022D203134352
:1024F0005B025B0AFF249EE701380028AAD0FF2C6C
:10250000A5D183E7002D00D180E701390029D9D07A
:10251000FF2CCDD17AE75A0700D079E7012030406F
:10252000B5E7002825D1621CD2B2012A55DD5F1B18
:102530007A012DD5EF1A0E1C91E7FF2400237AE7CC
:10254000624B241A3B4061E7291C2022C140101A2B
:102550008540681E85410D437CE7002946D1621CF9
:10256000D1B201292BDDFF2A26D0EB185B08141C01
:102570004CE7002C15D0FF2A1AD08024E4044042F6
:1025800023431B284DDD0123EB1A141C0E1C62E7AC
:10259000002F00D063E700230020002477E7012507
:1025A00090E7002B39D0C0430028EDD0FF2AE8D1B6
:1025B0002B1CFF240E1C29E7FF24002367E7002CB7
:1025C0005AD1002B7FD0002D00D11FE75B195A0193
:1025D000A1D53E4A0134134018E7002C15D1002B39
:1025E0002FD1002D5ED02B1C0E1C0FE7002C21D10B
:1025F000002B54D0C943002904D0FF2A4CD01B29FA
:1026000058DD01235B19141C5DE7002B23D1002D3D
:102610004BD02B1C0E1CFF24F8E62B1C141C0E1C8C
:10262000F4E61E1C2024C640201A8340581E834115
:102630003343A9E7FF2A2FD08024E40449422343EF
:10264000DDE7002D00D1E1E65A1B500100D41AE766
:10265000EB1A0E1CDAE6FF24002D00D1D6E680220C
:10266000DB08D203134204D0ED08154201D12B1C24
:102670000E1CDB00FF24C9E6002B0DD0FF24002D2B
:1026800000D1C3E68022DB08D2031342F1D0ED086B
:102690001542EED12B1CECE72B1CFF24B6E62B1CBD
:1026A000141CB3E6231C0020F1E6802300209B04C9
:1026B000FF24ECE61F1C2024CF40611A8B40591EDA
:1026C0008B413B439EE72B1CA0E6C046FFFFFFFB70
:1026D0004202510A4200C30F120E00207E2A0DDD75
:1026E0009D2A0CDC802000040143952A0ADC9620F8
:1026F000821AD1400A1C58424240D0187047034AFF
:102700009818FBE7963A91400A1CF4E7FFFFFF7F19
:1027100070B5041E39D0C50F00D04442201C01F012
:1027200061FC9E23261C1B1A962B07DC082801DD62
:10273000083884406402640AD8B21EE0992B0ADD8E
:102740000522211C121AD1400A1C011C1B318E408B
:10275000711E8E411643052801DD421F96400F4C25
:102760003440720704D00F221640042E00D00434E7
:1027700062010ED4A401640AD8B26402C005640ADE
:10278000ED0704432C43201C70BD002500200024CD
:10279000F3E7024B1C409F231B1AEBE7FFFFFFFBF5
:1027A00010B5041E35D001F01DFC9E21091A962992
:1027B00009DC082830DD021C231C083A93405B0228
:1027C0005B0AC8B220E099290CDD0522231C121AED
:1027D000D3401A1C031C1B339C40231C5C1EA341CA
:1027E00013431C1C052801DD431F9C400F4B234055
:1027F000620704D00F221440042C00D004335A0185
:102800000ED49B015B0AC8B25B025B0AC005184389
:1028100010BD00200023F7E763025B0AC8B2F3E7AC
:102820009F21024A091A1340EBE7C046FFFFFFFB56
:10283000F0B55F4656464D464446F0B40F0387B0A8
:1028400098464D003B0BCC0F061C924681469B469A
:102850006D0D01946BD0664B9D4235D080275B4651
:102860007F031F43F3009946624BFF00400F9C46D5
:1028700007430023BB4600266544009342461703E6
:102880005000D20F53463F0B400D904600D172E0EE
:10289000574A904267D080235B031F435346554AF3
:1028A0005B0FFF001F43944653460021DB0060444A
:1028B0004246624092462D1A0E430F2E00D9A1E0E7
:1028C0004D48B600805987465B461E4300D076E0EF
:1028D00000239B469946023308260093CEE799468B
:1028E0004346BB4601930091009B022B6BD1019B99
:1028F0009A46002153460122002789461A403C4B44
:1029000000213F030C0D24053F0B27433B4C1B05C7
:1029100027401F437F00D2077F0817434846391CD2
:1029200007B03CBC90469946A246AB46F0BD034377
:102930003ED05B46002B00D19CE1584601F052FB93
:102940002823311C1B1A021C5F46D940083A9740C5
:102950000B1C96403B439B46B1460023284D002666
:102960002D1A00938AE7524603213A43A0D100274B
:10297000002302219CE752463A4315D0002F00D194
:1029800085E1381C01F02EFB021C28215046891AD3
:10299000131CC8405146083B99409F400B1C0743FD
:1029A00017480021801A83E70027002301217FE7D1
:1029B00000239B4699460133042600935EE70323D8
:1029C0000C2600935AE7032B00D13CE2012B00D0E8
:1029D000BFE11A1C019B1A400021002300278946F1
:1029E0008EE700238027994600223F03004B87E7AC
:1029F000FF07000001FCFFFF305A0108FFFF0F80B6
:102A00000DFCFFFFBB4500D951E100D14CE14A4626
:102A1000039200225C469046013D180E3F02384367
:102A20001B020193030C994603041B0C4946061C28
:102A3000201C1F1C0093FEF743FF021C7A430290E8
:102A40004946201C171CFEF7C1FF039B09041B0C01
:102A500019438F420CD9029B8919013B8E4200D940
:102A600052E18F4200D84FE1029B8919023B029349
:102A7000CC1B201C4946FEF723FF009F834647439B
:102A80004946201CFEF7A2FF039A0B041404240CF1
:102A900023439F420DD95A469B19013A9E4200D9C1
:102AA00030E19F4200D82DE10222524294469B1908
:102AB000E344029ADB1B17045A463A439346019CAF
:102AC000170C220C101C04925A4611042204120CFA
:102AD000141C090C7C4305924A4341434743611847
:102AE000100C09188C4203D98020400284466744A8
:102AF0000C0C12040804120C3C198118A34200D2D9
:102B0000E5E000D1DFE01F1B43465C1AA04592417F
:102B10005242BF1AB74200D10EE1381C4946FEF7B7
:102B2000CFFE009B029043434946381C9846FEF76F
:102B30004DFF230C0F041F43B8450CD9029BBF194E
:102B4000013BBE4200D9FBE0B84500D8F8E0029B4B
:102B5000BF19023B02934346FF1A4946381CFEF751
:102B6000AFFE009B039043434946381C9846FEF74E
:102B70002DFF24040904240C214388450CD9039B10
:102B80008919013B8E4200D9DCE0884500D8D9E0A4
:102B9000039B8919023B03934346C91A029B039A7C
:102BA0001B04059C1A43100C13049146221C049F1D
:102BB0001B0C5A4344437B437843E318170CDB193F
:102BC0009C4203D980246402A44660441C0C120475
:102BD0001B04120C00199B18814200D296E000D110
:102BE000FCE04A4601231A4391469B4BEB18002B0D
:102BF00000DC99E04A4652070AD00F2249460A40B3
:102C0000042A05D0043149459241894652429344F1
:102C10005A46D20106D55A46904B1A408023934615
:102C2000DB00EB188E4A934200DD62E64A465946C5
:102C3000D208490711435A46894657025146012294
:102C40005B053F0B5B0D0A405AE680205A460003A5
:102C5000024208D0074206D107433F0399463F0B83
:102C60004246804B4CE65F4607433F033F0B221C26
:102C70007C4B45E601F0B6F9031C2030272800DC28
:102C80005EE6083B9E400023B346994665E6504603
:102C900001F0A8F9021C2032272A00DC75E657460D
:102CA0000838874000237BE6994500D2AFE65A46B4
:102CB000594654084A46C8075208024303924A46F6
:102CC000D2079046A9E60027884500D31CE7019F5C
:102CD0005A46BC46E044B845BF417F42BF19FF1881
:102CE000013ABE4206D2BC425FD800D19FE03F1BF2
:102CF000934609E7B742FAD1019B4345F3D9371B05
:102D0000934601E79346D4E60293B1E64A46891911
:102D1000013A8E4218D99146814200D061E7019A6A
:102D20009A4200D05DE760E74F4F7F1B382F13DDDD
:102D3000012253461A404FE601235B42994654E76D
:102D4000029308E7039327E788423CD874D0914662
:102D500047E7019B9A4648E71F2F44DC434B4A460E
:102D60009C465B466544FA40AB4013434A46AA4042
:102D7000151C6A1E95415A46FA402B43171C5A07E8
:102D800009D00F221A40042A05D01A1D9A429B41ED
:102D90005B42FF18131C3A023ED553460122002124
:102DA0001A40002701238946AAE502235B429C467C
:102DB000019AE3449446E04490459B415B429B1951
:102DC000DF193F1BA0E6019F4A467C00BC42BF4181
:102DD0007F42BF19023AC91901949CE7002B95D193
:102DE000002201929BE75A46214B5B1BDA40202FC1
:102DF00027D0204B9C465B466544AB4049460B437D
:102E0000591E8B411343072200271A4007D00F2277
:102E100000271A40042AB8D17A077F023F0BDB084B
:102E200013439946012253461A40002368E5414561
:102E3000BBD89346002767E6019C9C42C3D39146CA
:102E40006DE70023DAE780275B463F031F433F031C
:102E50003F0B019A034B53E5FF030000FFFFFFFE0A
:102E6000FE070000FF07000002FCFFFF1E04000039
:102E7000E2FBFFFF3E040000F0B55F464D464446CE
:102E80005646F0B41F035C00DB0F99461B4B0E0344
:102E90004D00C90F8446360B6D0D8B4690463F0B97
:102EA000640D9D420CD0154B9C4210D00123A542CD
:102EB00014D0181C3CBC90469946A246AB46F0BDC7
:102EC000311C01230143F4D10C4B9C42EED13A4317
:102ED0000123002AEDD10123A542EAD1BE42E8D167
:102EE000C445E6D1CB4506D0002DE2D13043031CCA
:102EF000581E8341DDE70023DBE7C046FF070000E3
:102F0000F0B5574645464E46E0B40F034E00C90F94
:102F10008A4632491D035C0084463F0B760D90467D
:102F20002D0B640DDB0F8E420FD08C4239D0002E5A
:102F300010D13843414241418946002C27D12A43D0
:102F400025D1002000290ED108E0391C01432ED1E3
:102F5000B44226D0002C0BD09A450DD0534659428E
:102F600001231943081C1CBC90469946A246F0BD9B
:102F70002A43F3D09A45F1D1A642EFDC1ADA504643
:102F800041424841012341421943081CEBE74A46AC
:102F9000002AE1D058425841012241421143081C05
:102FA000E1E7291C114302D1002EC2D0D4E7022050
:102FB0004042D8E7AF42D1D809D00020AF42D2D2A8
:102FC000504641424841012340421843CBE7C445A3
:102FD000C4D80020C445F3D3C5E7C046FF070000AE
:102FE000F0B55F464D46444656468046F0B4061C52
:102FF0000803000B84462C484C001F035D00C90FDA
:10300000640D8B4691463F0B6D0DDB0F844212D051
:10301000854225D0002C14D161460E4370424641B2
:10302000002D35D0002E21D0584258410121434275
:103030000B43181C0EE06146022031430AD1A54221
:103040000ED0002D12D13A4310D15B4659420123D4
:103050001943081C3CBC90469946A246AB46F0BDBD
:10306000391C02201143F5D1002CD5D09B45ECD161
:10307000AC42EADC05DBBC45E7D80FD00020BC45FC
:10308000E8D2584641424841414201200843E1E725
:103090003A43C7D10020002EDCD1D6E7C845D4D8AA
:1030A0000020C845EDD3D5E7FF070000F0B55F4627
:1030B00056464D464446F0B4051C061C080387B02E
:1030C00099464F00030BCC0F92469B467F0D01940F
:1030D00067D06C4B9F4236D080205B46400318433C
:1030E000C0006B0F1843684B83469C4600239846EC
:1030F000EE00674400934B4649461D03C90F5B0031
:1031000052462D0B5B0D894600D16EE05D498B4226
:1031100064D080205C4940038C4600210543ED00CB
:10312000500F0543D20063444846FF187B1C9A4663
:10313000009B604002900B430F2B00D9ACE053483A
:103140009B00C3589F465B461D4300D082E0082386
:10315000009300239B46023300269846CBE7029B50
:1031600001934346022B59D1012400250026019BDF
:103170001C40444B00212D030A0D12052D0B154355
:10318000434A1B0515401D436D00E4076D082543A8
:10319000301C291C07B03CBC90469946A246AB4661
:1031A000F0BD2B434ED05B46002B00D185E1584645
:1031B00000F018FF021C2823291C9B1A161C5846D5
:1031C000D940083EB0400B1CB54003439B462E1C23
:1031D0000023304F0093BF1A98468CE7514629438D
:1031E0002ED10025002202219EE75146294323D0FB
:1031F000002D00D154E1281C00F0F4FE031C28210E
:103200005046C91A1A1CC8405146083A9140954088
:103210000A1C05431F480021C31A85E7032B00D170
:10322000C2E1012B00D06DE14446019B00251C400A
:10323000E4B2002300269DE700250022012173E768
:10324000032171E70423009300239B4601330026EA
:10325000984650E70C230093093B98464BE780259E
:1032600000242D030026074B84E74B46AB46161C73
:103270000193884675E7029BAB46161C019388466E
:103280006FE7C046FF07000001FCFFFF705A01080E
:10329000FFFF0F800DFCFFFF330C3604360C9C46FD
:1032A000331C140C1204120C5343984663465343C8
:1032B0009946634663430193331C41466343090CBB
:1032C0004B445B18994505D98020400281460199FD
:1032D00049440191190C039141460904090C1B044E
:1032E0005B1804932B0C9846331C2D04290C4B437C
:1032F000604600934346654658435E43009B4D43FA
:103300001B0C9946AE194E448446B54203D980231E
:103310005B029946CC44350C2B1C039863448446CD
:103320000593009B36041B041B0CF3189C44604659
:10333000039058460504060C280C84465043351C5F
:1033400081466046654344434846000C83467243C9
:1033500014195C44A24203D98022520293465D4470
:10336000220CAD184A461204120C24044046A4183C
:1033700062464A4371434643604600964646704360
:103380008046100C84468844E044414505D980219C
:1033900049028C4600996144009101980399844642
:1033A000614499429B415B42994605984346844655
:1033B0001204120C1B049B1863449C46AB468342C8
:1033C0009B4140460A19CC44A2428941E344CC4582
:1033D000B6415C46000C8046494276425B42641826
:1033E000334398448C428941AB459B4149425B42FF
:1033F00019430D1C009B4544EE187602E50D2E4343
:10340000B346049B56021E43731E9E415B46D20D7B
:10341000324366021643DB010AD5012333407608A6
:103420001E435B46DB071E435B465B089B465746D5
:10343000634BFB18002B5ADD720709D00F22324074
:10344000042A05D0321DB242B6417642B344161C5E
:103450005A46D20106D55A465A4B1A408023934603
:10346000DB00FB18584A934234DD0124029B0025FF
:103470001C400026554B7DE680205B46000303423E
:1034800008D0054206D105432D032D0B4C46161CD2
:103490004E4B6FE65D4605432D032D0B4B4B69E606
:1034A000504600F09FFD031C2033272B00DCA6E6CE
:1034B0005546083885400022ACE6281C00F092FDF5
:1034C000021C2032272A00DC75E6083885400026D9
:1034D000AB467DE65A46F608520716435A46012483
:1034E0005502029A5B052D0B5B0D144042E6384DE8
:1034F000ED1B382D0ADD0124029B00251C4000260F
:10350000002337E6019B5746029391E71F2D25DCE8
:10351000304B321C9C466744BE405B46BB40371C68
:10352000EA407E1EB74113433B431E1C5B46EB4003
:103530001D1C730709D00F233340042B05D0331D06
:10354000B342B6417642AD191E1C2B0220D5012490
:10355000029B00251C40002601230BE65A461E4B09
:10356000DB1BDA40131C202D1CD01C4A94465A4603
:103570006744BA40171C3E43721E96411E43072300
:103580000025334007D00F2300253340042BD6D12C
:103590006B076D022D0B0124F6081E43029B1C4095
:1035A0000023E7E50027E6E780255B4601242D039D
:1035B0001D43019B2D0323401C1C2D0B034BD9E500
:1035C000FF030000FFFFFFFEFE070000FF070000F3
:1035D00002FCFFFF1E040000E2FBFFFF3E040000B0
:1035E000F0B54D4644465F465646F0B40E1C111CDD
:1035F0003203520A470F1743C5001A035800DB0F66
:103600009946520A4B0F83B01A43CB000193CF4B1C
:103610007400F60F640DB046400D984200D1E8E00A
:103620000123494659400B1C9E4200D1B1E0261AA5
:10363000002E00DC1CE1002842D1131C01990B4331
:1036400000D0E6E06B0700D18EE00F232B40042B67
:1036500000D189E02A1DAA42AD41802301264146BE
:103660006D427F191B043B400E40151C002B00D1FE
:1036700083E0B64B01349C4200D116E13A1CB44BB6
:10368000ED081A405007640552020543120B640D01
:10369000002112030B0D1B056405120B1A4363086E
:1036A000AC4CF60714401C43640064083443281CE7
:1036B000211C03B03CBC90469946A246AB46F0BDE7
:1036C000A24B9C42BED080231B041A43382E00DD3F
:1036D00003E11F2E00DD3FE12020831B9946131CD0
:1036E00049468B409C46019B6046F340034301984A
:1036F000F2408840011C481E81410B43EB1A9D4259
:1037000080411D1CBA1A4042171A3B0200D4A8E09F
:103710007A02560A002E00D1CAE0301C00F062FC8A
:10372000031C083B1F2B00DDCBE02822291C121AAA
:10373000D1409E400A1C9D4032439C4200DDC8E0BF
:103740001C1B671C1F2F00DDEDE01F23291C1C1B09
:10375000131CA540A340F9406C1EA541FA40194333
:103760000D43171C00246DE78023012642461B04ED
:103770003B401640002B00D07BE7744BED087807E8
:103780000543FA089C423BD012036405120B640DFA
:103790007EE7231A9A46002B00DCA5E0002844D0DF
:1037A0006A48844200D14DE780200004024353461A
:1037B000382B00DC1CE1019B1A43511E8A41D1B217
:1037C00000224919A94280410D1CD2194042171804
:1037D0003B0246D55D4B01349C4200D169E101209A
:1037E0005B4A6B083A4028401843D5070543570801
:1037F00028E7131C01990B4300D111E74B4613E74F
:103800002B1C134351D080231B031A431203120BAA
:103810003EE7013E002E00D080E0691A8D429B41B8
:10382000BA1A5B42D71A0D1C6FE7101C019B184394
:1038300000D107E701235B429C46E2445346002B3C
:1038400000D002E1019BD2195919A9429B415B4268
:10385000D7180D1CBCE76346034300D128E1071CC1
:1038600065466B0700D0F0E6012643461E4084E71C
:10387000002E00D081E0601C4005400D012800DCD6
:1038800007E10199681A84466545B641B81A76423F
:10389000861B300200D4A1E08C464D1BAC4589410B
:1038A000D21B4942561A984634E700220025EFE61B
:1038B000281C00F097FB2030031C083B1F2B00DC6A
:1038C00033E7021C283A95402A1C00259C4200DC64
:1038D00036E71F4FE41A1740B4E6019B1A43511E06
:1038E0008A41D3B2002209E7002B00D001E1601C1D
:1038F00043055B0D012B00DCB0E0144B984200D176
:103900001EE1019BD2195919A9429B415B42D21871
:103910004908D5070D435708041C93E60B4B9C42FE
:1039200000D0D3E68EE6211C131C1F39CB40191C96
:10393000202F00D18EE03F231C1BA24015436A1E9E
:10394000954100270D4300248BE7C046FF07000088
:10395000FFFF7FFFFFFF0F80331C101C203BD84070
:10396000202E79D040239B1B9A40131C019A1343AD
:10397000591E8B4100220343C0E6002C53D0C74C94
:10398000A04200D1B0E0802471428946240427433C
:103990004946382900DDCDE01F2900DD59E120240A
:1039A0003E1C611A8E408A46B04649462E1CCE40C7
:1039B0005146B4468D4064464646494626436C1EF1
:1039C000A541CF4035430199D71B8C464D1BAC45D3
:1039D00092415242BF1A041C984696E663466546D9
:1039E000334300D096E60026002700240025C4E6D5
:1039F0001F2B61DC2020C31A9B46131C59468B40A9
:103A000051469946019BCB409C464B46604603433A
:103A10009C465B46019999406346481E8141194383
:103A20005346DA40CDE63C1C2C435DD0F143894639
:103A3000002955D10199D21B8C464D1BAC458941BB
:103A40004942571A041C98465FE69448844200D0C5
:103A5000ADE6F7E5002271E7002387E73B1C2B4327
:103A6000002C00D0DAE0002B00D113E1131C0199E7
:103A70000B4300D1E6E54919A9429B41D2195B42AB
:103A8000D7183B0200D421E1854B0D1C1F40041CBC
:103A9000D8E5381C2843002C40D1002800D083E012
:103AA000101C0199084303D0171C0D1C9846C9E54A
:103AB00000260027002560E65046131C2038C3402E
:103AC000181C5346202B00D1C1E0402351465B1AFD
:103AD0009A40019911434A1E91410022014370E628
:103AE0006E4CA04200D053E7171C019D041C984661
:103AF000A8E5002C28D13C1C2C4300D18AE0DB43F4
:103B00009A46002B00D082E0019BD2199C46654466
:103B10009D42894149425718041C59E600285BD14F
:103B2000101C0199084300D1A4E0171C0D1C9846F5
:103B30005A4C87E53D436F1EBD410027EDB242E779
:103B4000041C0027002518E6544CA04262D05346BE
:103B500080245B429A46240427435346382B00DDD9
:103B60008EE01F2B00DD9DE02024E31A9B463B1CCA
:103B700059468B40514699462B1CCB409C464B46A0
:103B8000644623439C465B469D4063466C1EA541AC
:103B9000CF401D43019BBF189C4665449D42924106
:103BA0005242BF18041C13E6101C0199084300D1AF
:103BB00048E5681A844685428041BE1A4042301A60
:103BC000060200D447E68C464D1BAC458941D21B0A
:103BD0004942571A984635E5101C0199084334D0DC
:103BE00080247807ED08FF0824032843274208D0E3
:103BF000D608264205D1C90852070A43101C371CB3
:103C00009846FF00420F1743C500244C1AE5234C89
:103C1000A042A2D1171C019D041C13E5002B35D036
:103C2000131C01990B4310D080247807ED08FF087E
:103C3000240328432742E4D0D3082342E1D1C90812
:103C400052070A43101C1F1CDBE7144CFAE4002245
:103C50003FE74C463E1C203CE6404946341C2029A8
:103C600032D04026761AB7403D436F1EBD41002733
:103C70002543A8E680270026FF03084C00257CE5A5
:103C80003D436F1EBD410027EDB283E7171C019D28
:103C9000024CD7E4171C019DD4E4C046FF07000086
:103CA000FFFF7FFF54463B1C203CE3401C1C534657
:103CB000202B0DD0402351465B1A9F403D436F1E81
:103CC000BD410027254365E70027CDE70D1CC8E56A
:103CD0000027F3E70B0330B5134C1A0B4B00051C00
:103CE0005B0DC90F0020A34210DD104883420EDC9B
:103CF00080200F4C40030243E41A1F2C0ADD0D48BC
:103D0000C31ADA40131C48424340581830BD0A4BCE
:103D1000C818FBE7281CE040084CA44663449A40BE
:103D2000131C0343EFE7C046FE0300001D04000020
:103D30003304000013040000FFFFFF7FEDFBFFFFD3
:103D400038B5041E16D0C50F00D04442201C00F028
:103D500049F9174B1B1A0A2821DC021C211C1532B9
:103D600091400A1C0B21081AC4405B052403240B54
:103D70005B0D03E000250023002400220021101C1D
:103D800024030A0D1205240B14430A4A1B05144090
:103D90001C436400ED0764082C43211C38BD0B381C
:103DA00084405B052403240B5B0D0022E6E7C0463C
:103DB0001E040000FFFF0F8010B5041E10D000F09D
:103DC00011F9144A121A0A281ADC0B23211C1B1A97
:103DD000D94015300B03520584401B0B520D01E0F6
:103DE0000022002300211B03201C1C0B0B0D1B05B4
:103DF0002343094C1205234013435B00590810BDAF
:103E0000031C0B3B9C40520523031B0B520D00244B
:103E1000E8E7C0461E040000FFFF0F804200120EBC
:103E2000511C38B5C9B243025D0AC40F012915DD22
:103E3000E02189008C466D071B0B62440021281C81
:103E40000D0D2D052B431C4D52052B4052081343DD
:103E50005B00E4075B082343191C38BD002A15D119
:103E6000002D1FD0281C00F0BDF80A281DDC0B23F4
:103E70002A1C1B1ADA40131C021C153295400F4AEB
:103E80001B03121A52051B0B520DD7E7002D06D04B
:103E900080221B0B120313436D07094ACEE7084A21
:103EA0000023CBE700220023C8E7031C0B3B9D4007
:103EB0002B1C0025E3E7C046FFFF0F8089030000AD
:103EC000FF07000070B50B034D00440F6D0D5B0A3A
:103ED00023436C1C6405C90FC200640D012C2ADD4C
:103EE0003B4C2C19FE2C1ADC002C35DD8001451EC4
:103EF000A841DB000343520F13435A0704D00F229B
:103F00001A40042A00D004338022D2041A4027D059
:103F10000134FF2C03D09B015B0AE4B201E0FF24D3
:103F200000235B02E4055B0A23435B00C9075B08CF
:103F30000B43181C70BD002D06D113430ED1002475
:103F40005B025B0AE4B2ECE71A43E8D08020DB00B6
:103F500080040343FF24D0E717340CDA0523002440
:103F6000DB08FF2CECD1002B2DD08022D203134391
:103F70005B025B0AD5E78024164824042343401BD8
:103F80001F280DDC144CA4466544AB401C1C131CBC
:103F9000AB405D1EAB41C240234313430024ACE75A
:103FA0001E1C0E4C641BE640341C20280DD00C480F
:103FB00084466544AB401D1C2A43531E9A41131C82
:103FC0002343002499E70023ABE70025F4E7C0462C
:103FD00080FCFFFF9E03000082FCFFFF7E030000C9
:103FE000A2FCFFFF1C2101231B04984201D3000CFB
:103FF00010391B0A984201D3000A08391B0998425C
:1040000001D30009043902A2105C40187047C04671
:104010000403020201010101000000000000000091
:1040200073657269616C2D636D643A2573001415B4
:10403000161718190A0BFF2DFFFF64696D6D657265
:10404000206368616E676520616C732062726967C6
:1040500068746E657373202564202D3E2025640AE4
:10406000000000007D00C600FA00220143015F014C
:1040700077018C019F01B001C001CF01DC01E80193
:10408000F401000090010020240100203C010020E8
:1040900048010020C001002018010020600100201C
:1040A00030010020540100200000000057845557C3
:1040B00019010000000000000000000000000000E6
:1040C00000000000000000000000000000000000F0
:1040D00000000000000000000000000000000000E0
:1040E00018000000000000000000000000000000B8
:1040F00000000000000000003C0000000000000084
:104100000000000000000000000000000018000097
:104110003C00000000000000000000000000000063
:1041200000000000003C00007E00000000000000D5
:10413000000000000000000000001800007E0000E9
:10414000FF00000000000000000000000000000070
:1041500000003C0000FF0080FF01000000000000A4
:10416000000000000000001800007E0080FF01C079
:10417000FF03000000000000000000000000003C01
:104180000000FF00C0FF03E0FF0700000000000088
:10419000000000000000007E0080FF01E0FF07F04B
:1041A000FF0F00000000000000000000180000FFEA
:1041B00000C0FF03F0FF0FF8FF1F00000000000029
:1041C000000000003C0080FF01E0FF07F8FF1FFC3B
:1041D000FF3F000000000000000000007E00C0FF64
:1041E00003F0FF0FFCFF3FFEFF7F00000000000018
:1041F00000180000FF00E0FF07F8FF1FFEFF7FFF31
:10420000FFFF000000000000003C0080FF01F0FF05
:104210000FFCFF3FFFFFFFFFFFFF0000000000005B
:10422000007E00C0FF03F8FF1FFEFF7FFFFFFFFFC0
:10423000FFFF00000000180000FF00E0FF07FCFF88
:104240003FFFFFFFFFFFFFFFFFFF001800007E00A2
:1042500080FF01F8FF1FFFFFFFFFFFFFFFFFFFFFD2
:10426000FFFF007E00C0FF03F0FF0FFCFF3FFFFFDA
:10427000FFFFFFFFFFFFFFFFFFFF80FF01F0FF0FCA
:10428000FCFF3FFFFFFFFFFFFFFFFFFFFFFFFFFF01
:10429000FFFFE0FF07FCFF3FFFFFFFFFFFFFFFFF08
:1042A000FFFFFFFFFFFFFFFFFFFFFCFF3FFFFFFFE1
:1042B000FFFFFFFFFFFFFFFFFFFFFFFFFFFFFFFF0E
:1042C000FFFFFFFFFFFFFFFFFFFFFFFFFFFFFFFFFE
:1042D000FFFFFFFFFFFFFFFFFFFFFFFFFFFFFFFFEE
:1042E000FFFFFFFFFFFFFFFFFFFFFFFFFFFFFFFFDE
:1042F000FFFF00002B430108334301083B43010843
:10430000434301084B4301085343010841007878B7
:104310003A78780025753A25303275257300636840
:10432000616E676520616C61726D008718240242BE
:1043300042FE188718240242427E0887082402425F
:10434000427600870804004242340087000400409F
:10435000022400870000000002040063686B496EBD
:104360005370000200420708E0421C4000080000B1
:10437000000820001C70200820000025753A253018
:104380003275002D2D3A2D2D00867C44446677220F
:1043900065C9F66F0944FFFF5551111501367F7F3E
:1043A0003E1C085A7A5A00253264007820202000EA
:1043B0006D75746500871824424242FF1865A4FD9C
:1043C000DB24981070F0F1F7DF9F3F7F7540504479
:1043D0004100C67C40A4446AA6772AA2C67C402439
:1043E0004466E6772622366B4122140857692D462B
:1043F0006900552078780055202D2100552533641B
:10440000004B656C6C6F0019000000002D440342E6
:1044100057180701000017080100001622020023A8
:10442000155402555614500252532D000000001925
:104430004403425718070100001708010000162224
:10444000020023155402555614500252536D6169EF
:104450006E5F6B65795F636220307825780A006C47
:10446000320A005B253130643A253036645D200025
:10447000494E2020006C342025642025640A005415
:104480004F2042494720544F20444953504C4159F2
:10449000006261642073697A6520256420666F720A
:1044A000206D622025642C207265736574206C7504
:1044B0006369206275666665720A005C72005C6EF4
:1044C0000053656E645F746F5F4D657373616765FC
:1044D000207768696C65206D617962652062736C14
:1044E000206D6F64650A004F5554200004080915BB
:1044F0001632303137303431305F3130323435328A
:104500005F65396564343764003F3F3F3F0025787D
:104510003A2578000C000800090073706F74696612
:10452000795C3A5C2F5C2F5C2F626C6F625C2F00B1
:104530007572695F746F6F5F6C6F6E67006D697322
:104540006D617463685F776974685F6163746976CD
:10455000655F736F75726365006E6F5F6672656528
:104560005F736C6F74004641565F534156453A2560
:10457000640025733A2F2F2F707265736574732F43
:104580002564005C74005C62005C66005C22005C78
:104590005C005C3A0073706F746966793A2F2F2F54
:1045A000626C6F422F0073706F746966793A2F2FB7
:1045B0002F626C6F622F00253032780025783A2503
:1045C000783A25783A25783A25783A25783A257840
:1045D0003A25783A25783A25783A000A2563256302
:1045E0002530326425730D000A256325632530329A
:1045F0006425780D00666C616773006E6565645FA5
:1046000074696D655F7365745F6F6E5F646576690D
:1046100063650074756E65696E007674756E65729B
:10462000000A256325632530326425733A25733AE1
:1046300025783A25733A25733A25733A25783A2531
:10464000730D006B656C6C6F2E31000A256325635A
:10465000253032640D006269675F627574746F6E35
:104660005F6C6F6E67006269675F627574746F6E0E
:1046700000616374696F6E00762B00762D006966A9
:10468000747474006E7470000A25632563253032DB
:10469000640073746F7000736E6F6F7A65000A2523
:1046A0006325632530326425783A25783A25783AAF
:1046B00025783A25783A25733A000A25632563253B
:1046C00030326425783A25783A25783A25780D00F5
:1046D0000A256325632530326425783A25783A2502
:1046E000780D000A25632563256425780D00757211
:1046F000693A00616C61726D3A000A256325632591
:10470000640D002F77616B657570746F6E65732F24
:104710006C6F63616C000A25632563256425730D46
:10472000005B207B2022757269223A20226C6F6325
:10473000616C3A2F2F2F31222C20227469746C6502
:10474000223A20224265657322207D2C207B202284
:10475000757269223A20226C6F63616C3A2F2F2F99
:1047600032222C20227469746C65223A202252690C
:1047700073652073756E7368696E6522207D205D98
:104780000073706F74696679004641565F534156F5
:10479000453A39006E6F745F70726573657461625B
:1047A0006C65000A256325632530326425733A253C
:1047B000733A25730D00436F756E747279007365DB
:1047C0006375726974790070617373706872617374
:1047D0006500524541445F47454E5F4641565F394B
:1047E000000A256365323325780D00616C61726DB6
:1047F000735F6D757465640077616974696E6700D5
:1048000077616B657570736F6F6E0072696E676943
:104810006E6700736E6F6F7A6564006465657A65B4
:104820007200746964616C00814701081A460108CE
:10483000134601081B48010822480108EB470108FC
:10484000F847010809450108004801080B4801081C
:104850000B48010813480108726573756D696E672E
:104860002070726F672061742025640A0070617582
:1048700073696E672070726F672025643A25303245
:10488000642072656D61696E696E675F64617973DA
:104890003A25640A0066616C6C6261636B20726920
:1048A0006E67746F6E650A006C6F63616C3A2F2FD0
:1048B0002F310074756E65696E3A006E65787420EC
:1048C000616C61726D202325642025642025642D90
:1048D000253032642D253032642025643A2530326B
:1048E000643A253032642025730A006E6F20616CB3
:1048F00061726D0A006F666600232564206E6F7416
:104900002072696E67696E672062656361757365A1
:1049100020666F726365645F6F66660A00776B2559
:10492000640077616B6575702073637265656E20D6
:1049300025640A0077616B657570007674756E6525
:10494000723A0073706F746966793A2F2F2F707204
:1049500065736574732F00002C010000B400000023
:10496000780000003C000000280000000F0000005C
:104970000500000002000000626C696E6B206F721F
:1049800020617564696F2073686F756C642062655F
:1049900020646566696E656400676574746F736C26
:1049A00065657020656E64206379636C6520657051
:1049B0006F63683A256420626C696E6B3A25646D9A
:1049C000732072656D61696E696E673A25640A00CD
:1049D000D19B0008F19B0008ED9B0008000000003F
:1049E0007D9B0008819B0008859B0008000000005B
:1049F00000000000119C0008399D0008519D00082E
:104A0000B19B0008B59B0008B99B000855736572FF
:104A10006E616D65206F722050617373776F726481
:104A20002069732077726F6E672C20506C656173FC
:104A30006520656E7465722076616C6964206372AE
:104A40006564656E7469616C73006C69627265207F
:104A500062726F7773652074696D656F7574006538
:104A600078697420574143206D6F64650A00496E70
:104A70007465726E65742C302C302C257500497469
:104A8000656D20436F756E7400546F74616C54696A
:104A90006D6500506C61796C6973744E616D650071
:104AA000416C62756D00417274697374004974657C
:104AB0006D4C6973740042726F7773657200706C2D
:104AC0006179202573006C6F63616C3A2F2F2F0082
:104AD00053544F50006C6F63616C3A2F2F2F6465F5
:104AE0006661756C740053485546464C453A4F25EF
:104AF0007300627573790047455455493A484F4DE4
:104B000045006E6F742062726F7773656420686F02
:104B10006D652C2077616974696E67206E657874A5
:104B2000004445455A4552000A2563256325303225
:104B3000643A6572726F723A25730D005343524F97
:104B40004C4C444F574E00636F756C64206E6F740D
:104B50002066696E6420656E747279202573202545
:104B6000640A0053454C4543544954454D3A256425
:104B70000062726F7773657272332025640A006574
:104B80006E645F6F665F75726920737472616E67C1
:104B9000652073746174653A25640A0062726F77E8
:104BA0007365657272322025730A00687474700030
:104BB00066696C6500504C41594954454D3A444929
:104BC000524543543A2573002F757365722F6D65F6
:104BD0002F666C6F77002F4445455A45522F53740A
:104BE00061727420466C6F773A72002F757365722C
:104BF0002F706C61796C6973745F62795F6E616D3F
:104C0000652F002F4445455A45522F4D79204D754B
:104C10007369632F506C61796C697374732F25739A
:104C20003A70004641565F504C41593A256400663F
:104C300061760047454E455249435F4641565F50B5
:104C40004C4159004E4900696E76616C6964206C74
:104C50006F63616C20706C61790062726F7773654D
:104C600065727234006D65746164617461253332FC
:104C7000732F253332732D253332732F253332733F
:104C80002D25646D730A004E455854005052455608
:104C900000504155534500524553554D45006E6FE8
:104CA000742073656E64696E6720626563617573F5
:104CB00065206E6F20666163746F7279207365740E
:104CC00074696E6773002563253032643A2530328B
:104CD000640055524C3A687474703A2F2F6C7766A2
:104CE000772E73756E75702E636F2F6576656E7493
:104CF000732C484541444552313A436F6E74656E9A
:104D0000742D747970653A6170706C69636174694F
:104D10006F6E2F6A736F6E00444154413A007B22DC
:104D2000646174615F656E6330223A2225737C256D
:104D3000737C0025642E25642E25642E25647C005A
:104D40007B227473223A25642C226465766963653C
:104D5000223A7B2270726F64756374223A7B2269F7
:104D600064223A222573227D2C2273657269616C5C
:104D7000223A222573227D2C226576656E74223AB2
:104D80007B2274797065223A222573222C226C6F63
:104D900063616C74696D65223A2225642D25303279
:104DA000642D2530326454253032643A2530326423
:104DB0003A253032642573227D7D00227D004D45E9
:104DC00054484F443A504F5354007573622C302C62
:104DD000302C25750057524954455F25732C0066C9
:104DE00077646F776E6C6F61645F786D6C002573AC
:104DF0002F6F74612F25732F25732F25730068740F
:104E000074703A2F2F6C7766772E73756E75702ECF
:104E1000636F0074656C6E657400626F6F74696EA9
:104E2000672C2069676E6F72650034343434005229
:104E30004541445F7373696400626F6F7400446539
:104E40006D6F20616C61726D0066696C653A2F2F21
:104E50002F6D656469612F7364622F616C61726D7F
:104E60002E6D70330073646361726420736C6565CA
:104E7000700066696C653A2F2F2F6D656469612F2C
:104E80007364622F736C65657070726F672E6D70DE
:104E90003300524541445F467269656E646C794ED9
:104EA000616D6500524541445F467756657273698E
:104EB0006F6E006C696272655F7265736574004144
:104EC0006972706C617900444D5200444D5000533A
:104ED000706F74696679005553420043442D6361D5
:104EE0007264004D656C6F6E007654756E6572006D
:104EF00054756E65496E004D69726163617374002B
:104F000044444D532D536C6176650044444D532009
:104F10004C696E652D494E004170706C652044658A
:104F200076696365004469726563742055524C006C
:104F3000426C7565746F6F746800476361737420A9
:104F4000617564696F004465657A657200546964CF
:104F5000616C004661766F75726974653F004F46FB
:104F60004600454E5450414952004558545041491D
:104F70005200444953434F4E4E454354004155540B
:104F80004F434F4E00515545525900434C454152F5
:104F9000414C4C005345544C4F43414C4E414D45C0
:104FA00000474554465756455253494F4E004745D2
:104FB0005452454D4F54454E414D45004745544C84
:104FC0004F43414C42544144445200454E54434F98
:104FD0004E4E45435441424C4500455854434F4E74
:104FE0004E45435441424C4500000000824F0108A9
:104FF0005E4F0108624F01086A4F0108724F0108B5
:105000007D4F0108854F01088B4F0108944F01081F
:10501000A14F0108AE4F0108BC4F0108CB4F01085A
:10502000DA4F01084142434445464748494A4B4C00
:105030004D4E4F505152535455565758595A61621C
:10504000636465666768696A6B6C6D6E6F707172B8
:10505000737475767778797A303132333435363700
:1050600038392B2F3D00737472616E6765206E6551
:1050700074776F726B20636F6E66696720737461FB
:10508000747573005350545F5072657365743200C9
:105090006261645F7061727365005350545F507257
:1050A00065736574330073706F746966793F3F0090
:1050B0006E6F5F646174615F627567005052455640
:1050C000454E5400415641494C41424C45006274A2
:1050D000636F6E6E6563742C006274646973636FD2
:1050E0006E6E656374004C4F43414C4254414444DE
:1050F000522C007374617274006669726D7761720C
:10510000652073697A652025750A0047454E45522A
:1051100049435F4641565F534156455F53554343AC
:105120004553530073756363657373006572726FE3
:10513000725F706C61796661696C7472796E6578A2
:1051400074006572726F725F706C61796661696C10
:10515000006572726F725F6E6F6E657874736F6EDA
:1051600067006572726F725F6E6F70726576736FD3
:105170006E67000024510108000000002C51010856
:1051800009000000425101080600000051510108C9
:1051900007000000625101080800000029C2000851
:1051A00021D0000825470008316000089544000818
:1051B000757067726164652F7265736574206465CC
:1051C0007465637465640064656D6F206D6F6465FC
:1051D000006C696272655F6D6F64653A2030782596
:1051E000780A00492F4F20524D4944204354204310
:1051F0004D4420202053542043524320204C454E00
:10520000202020444154410A006C6F616465722083
:1052100077616974656420666F72206C7320616CBD
:1052200072656164790A006170703E626C0A000008
:105230001F0000001C0000001F0000001E000000F6
:105240001F0000001E0000001F0000001F000000E3
:105250001E0000001F0000001E0000001F000000D4
:105260001F0000001D0000001F0000001E000000C5
:105270001F0000001E0000001F0000001F000000B3
:105280001E0000001F0000001E0000001F000000A4
:105290006D0100006E010000275525000034EF036A
:1052A00000004596990600260000000036005A01CD
:1052B000005631C6181D5531C6AA005731955152B6
:1052C00004551F11F1014696996900369AA403000E
:1052D000469648F200469684690046ACF988004636
:1052E0001F8778004616976900468F24220046964D
:1052F0009669004696E9680036ADD4020036000E85
:105300000000666C6167206E6F7420737570706F3B
:10531000727465640034CE02000034EA0B0000446D
:105320004FF20000161400000035CE1200000000FD
:10533000A7520108AB540108000000000000000063
:10534000000000000000000000000000000000005D
:10535000000000000000000000000000000000004D
:1053600000000000FD5201080000000000000000E5
:10537000000000000000000000000000000000002D
:10538000000000000000000000000000000000001D
:10539000000000000000000024530108000000008D
:1053A00000000000000000000000000000000000FD
:1053B000000000001A530108000000000000000077
:1053C0000000000000000000295301080000000058
:1053D00000000000A154010800000000BB520108B9
:1053E00000000000000000000000000000000000BD
:1053F0009D520108000000000000000000000000B5
:1054000000000000B152010800000000B65201087F
:105410000000000000000000C15201080000000070
:10542000000000000000000000000000000000007C
:10543000000000000000000000000000000000006C
:10544000000000009C5401081553010800000000F2
:1054500000000000A6540108000000000000000049
:10546000985201080000000000000000A25201084C
:10547000000000000000000000000000000000002C
:105480000000000000000000AC5201080000000015
:10549000F8520108000000001F5301084596350E20
:1054A000003697A40300151D0000004611111000DE
:1054B00001000200400080006E6F206268313733C7
:1054C00030006268313733302069643A25780A0049
:1054D0006268313733302074696D653A2578204928
:1054E0004359434C45533A2564204954494D453A64
:1054F00025646D730A0000001808070504FF2020CA
:10550000080000000038014000440040004800400E
:10551000004C0040020202020202020202020202E7
:10552000020202020202020202020202020202025B
:105530000202020200000B00000000000000000058
:105540000000000104040404040404040404000032
:105550000000000000040404040404000000000033
:10556000000000000000000000000000000000003B
:105570000B00000000040504040405000000000006
:105580000000010000000100010000000000000018
:10559000000000001010101010101010101010104B
:1055A00010101010101010101010101010101010FB
:1055B00010101010101010101010101010101010EB
:1055C00010101010101010101010101010101010DB
:1055D00010101010101010101010101010101010CB
:1055E00010101010101010101010101010101010BB
:1055F00010101010101010101010101010101010AB
:10560000101010101010101010101010101010109A
:105610001010101072756500616C736500756C6C0C
:1056200000756E6B6E6F776E206572726F7220639D
:105630006F6465006F6B2C206E6F206572726F72E5
:1056400000696E76616C69642062797465732069A3
:105650006E205554463820737472696E672E006947
:105660006E73696465206120737472696E672C20A3
:10567000275C27206F6363757273206265666F72A3
:105680006520612063686172616374657220776868
:10569000696368206974206D6179206E6F742E00D3
:1056A000696E76616C6964206368617261637465B8
:1056B0007220696E7369646520737472696E672EF7
:1056C00000696E76616C696420286E6F6E2D686566
:1056D000782920636861726163746572206F636307
:1056E00075727320616674657220275C7527206966
:1056F0006E7369646520737472696E672E00696EDB
:1057000076616C6964206368617220696E206A73D7
:105710006F6E20746578742E00696E76616C6964B2
:1057200020737472696E6720696E206A736F6E20D1
:10573000746578742E006D616C666F726D6564209F
:105740006E756D6265722C206120646967697420D2
:10575000697320726571756972656420616674652C
:10576000722074686520646563696D616C20706F78
:10577000696E742E006D616C666F726D6564206E6B
:10578000756D6265722C2061206469676974206997
:1057900073207265717569726564206166746572E3
:1057A00020746865206578706F6E656E742E006D6C
:1057B000616C666F726D6564206E756D6265722CCA
:1057C000206120646967697420697320726571754E
:1057D0006972656420616674657220746865206D05
:1057E000696E7573207369676E2E0070726F6261E7
:1057F000626C6520636F6D6D656E7420666F756E8B
:105800006420696E20696E70757420746578742CDC
:1058100020636F6D6D656E747320617265206E6FAD
:105820007420656E61626C65642E003031323334F1
:10583000353637383941424344454600706172730A
:10584000654572726F72006C65786963616C007592
:105850006E6B6E6F776E003A200020202020202093
:105860002020202020202020202020202020202830
:105870007269676874206865726529202D2D2D2D49
:105880002D2D5E0A00657870616E642031362D62C0
:10589000797465206B00657870616E642033322DF9
:1058A00062797465206B00000500000000000000B4
:1058B00000000000000000000000000000000000E8
:1058C00000000000000000000000000000000000D8
:1058D00000000000000000000000000000000000C8
:1058E0000000000000000000FC0000006D61696E17
:1058F00028617267633D25752C20617267763D5B78
:10590000002C200022257322005D293B0A00430061
:10591000000000000000000001020304060708095F
:105920000000000001020304020304050607080941
:105930000A0B0C0D0E0F10100102030405060708D8
:10594000090A0B0C0D0E0F10000408027374727418
:105950006F642063616C6C65640A0061626F7274CD
:1059600028292C2065786974696E672E2E2E000018
:10597000E21E0108AA1E0108C61E01089E1E01089B
:10598000C61E01080A1E0108C61E01089E1E010847
:10599000AA1E0108AA1E01080A1E01089E1E01086F
:1059A000481F0108481F0108481F0108CC1E0108B4
:1059B000AA1E0108AA1E0108921F01089C1E0108C8
:1059C000921F01080A1E0108921F01089C1E01086F
:1059D000AA1E0108AA1E01080A1E01089C1E010831
:1059E000481F0108481F0108481F0108761F0108C9
:1059F000AA220108A2220108A22201089A22010873
:105A0000EC210108EC210108902201089A220108EA
:105A1000EC21010890220108EC2101089A220108DA
:105A2000EE210108EE210108EE21010834230108CE
:105A3000042A0108F2280108D8290108DE280108F3
:105A4000D8290108E2290108D8290108DE2801081F
:105A5000F2280108F2280108E2290108DE280108DD
:105A6000E8280108E8280108E82801084A2C01086C
:105A70009832010876320108763201086A3201084C
:105A80005E3101085E3101085E3201086A320108A8
:105A90005E3101085E3201085E3101086A32010898
:105AA000623101086231010862310108783401086D
:105AB000FF00000000000000294C0008000000006A
:105AC000000000003D4D0008030000000000000041
:105AD0009D4D00080300000000000000C5500008B4
:105AE00003000000815100088551000800000000FB
:105AF00091530008A55300080300000061550008F9
:105B0000715500080000000069C30008ABC300081D
:105B10001808000000000000000000000000000065
:105B20000000000000000000000000000000000075
:105B3000215A00080300000069C30008ABC3000835
:105B40001808000000000000000000000000000035
:105B5000000000000000000000000000D15B000811
:105B6000D95A00080000000002FF0100B1C8000877
:105B700059C90008000000000000000000000000FB
:105B80000000000000000000000000000000000015
:105B9000000000000E590108000000000000000095
:105BA00000000000000000000000000000000000F5
:105BB00000000000000000000000000000000000E5
:105BC00000000000000000000000000000000000D5
:105BD0000000000000000000D801002000127A0040
:04000005080040C1EE
:00000001FF
